-- phpMyAdmin SQL Dump
-- version 5.0.3
-- https://www.phpmyadmin.net/
--
-- Servidor: 127.0.0.1
-- Tiempo de generación: 05-03-2025 a las 18:21:36
-- Versión del servidor: 10.4.14-MariaDB
-- Versión de PHP: 7.2.34

SET SQL_MODE = "NO_AUTO_VALUE_ON_ZERO";
START TRANSACTION;
SET time_zone = "+00:00";


/*!40101 SET @OLD_CHARACTER_SET_CLIENT=@@CHARACTER_SET_CLIENT */;
/*!40101 SET @OLD_CHARACTER_SET_RESULTS=@@CHARACTER_SET_RESULTS */;
/*!40101 SET @OLD_COLLATION_CONNECTION=@@COLLATION_CONNECTION */;
/*!40101 SET NAMES utf8mb4 */;

--
-- Base de datos: `bd_horarios_exam`
--

-- --------------------------------------------------------

--
-- Estructura de tabla para la tabla `grupos`
--

CREATE TABLE `grupos` (
  `id_grupo` int(11) NOT NULL,
  `nombre` varchar(40) COLLATE utf8_spanish2_ci NOT NULL
) ENGINE=InnoDB DEFAULT CHARSET=utf8 COLLATE=utf8_spanish2_ci;

--
-- Volcado de datos para la tabla `grupos`
--

INSERT INTO `grupos` (`id_grupo`, `nombre`) VALUES
(1, '1ESO A'),
(2, '1ESO B'),
(3, '1ESO C'),
(4, '1ESO D'),
(5, '1ESO E'),
(6, '1ESO F'),
(7, '1ESO G'),
(8, '1ESO H'),
(9, '2ESO A'),
(10, '2ESO B'),
(11, '2ESO C'),
(12, '2ESO D'),
(13, '2ESO E'),
(14, '2ESO F'),
(15, '2ESO G'),
(16, '3ESO A'),
(17, '3ESO C'),
(18, '3ESO B'),
(20, '3ESO D'),
(21, '3ESO E'),
(22, '3ESO F'),
(23, '3ESO G'),
(24, '4ESO A'),
(25, '4ESO B'),
(26, '4ESO C'),
(27, '4ESO D'),
(28, '4ESO E'),
(29, '4ESO F'),
(30, '1 FPB'),
(31, '2 FPB'),
(32, '1 BS A'),
(33, '1 BS B'),
(34, '1 BSH'),
(35, '1 BCT'),
(36, '1 B. ARTES'),
(37, '2 B. ARTES'),
(38, '2 BS'),
(39, '2 BSH'),
(40, '2 BCT'),
(41, '1 GA A'),
(42, '1 ITE'),
(43, '1 SMR'),
(44, '2 GA'),
(45, '2 ITE'),
(46, '2 SMR'),
(47, '1 AFI A'),
(48, '1 DWA'),
(49, '2 AFI A'),
(50, '2 DAW'),
(51, 'GUARD'),
(52, 'FDIR'),
(53, 'GEXP'),
(54, 'GJE'),
(55, '2 BPA'),
(56, '2 ESPA'),
(57, 'GBIB'),
(58, 'GCON'),
(59, '1 BPA'),
(60, 'GRECBIB'),
(61, 'GJEREC'),
(62, 'GREC-0'),
(63, '1 GA B'),
(64, '1 AFI B'),
(65, '2 AFI B'),
(66, 'GREC-1'),
(67, 'GREC-2'),
(68, 'GREC-3'),
(69, 'GREC-4'),
(70, 'GREC-5'),
(71, 'GREC-6'),
(72, 'GREC-7'),
(73, 'GREC-8'),
(74, 'GREC-9');

-- --------------------------------------------------------

--
-- Estructura de tabla para la tabla `horario_lectivo`
--

CREATE TABLE `horario_lectivo` (
  `id_horario` int(11) NOT NULL,
  `usuario` int(11) NOT NULL,
  `dia` int(1) NOT NULL,
  `hora` int(2) NOT NULL,
  `grupo` int(11) NOT NULL,
  `aula` varchar(30) NOT NULL DEFAULT 'inventada'
) ENGINE=InnoDB DEFAULT CHARSET=utf8mb4;

--
-- Volcado de datos para la tabla `horario_lectivo`
--

INSERT INTO `horario_lectivo` (`id_horario`, `usuario`, `dia`, `hora`, `grupo`, `aula`) VALUES
(1, 100, 3, 3, 37, 'inventada'),
(2, 100, 5, 7, 37, 'inventada'),
(3, 100, 2, 6, 38, 'inventada'),
(4, 100, 5, 3, 38, 'inventada'),
(5, 100, 3, 3, 39, 'inventada'),
(6, 100, 5, 7, 39, 'inventada'),
(7, 100, 1, 6, 40, 'inventada'),
(8, 100, 3, 7, 40, 'inventada'),
(9, 117, 2, 18, 56, 'inventada'),
(10, 117, 4, 16, 56, 'inventada'),
(11, 117, 4, 18, 56, 'inventada'),
(12, 89, 2, 11, 56, 'inventada'),
(13, 89, 4, 11, 56, 'inventada'),
(14, 89, 4, 13, 56, 'inventada'),
(15, 57, 2, 13, 56, 'inventada'),
(16, 57, 2, 16, 56, 'inventada'),
(17, 79, 3, 6, 35, 'inventada'),
(18, 79, 5, 6, 35, 'inventada'),
(19, 19, 1, 7, 31, 'inventada'),
(20, 19, 2, 5, 31, 'inventada'),
(21, 19, 2, 6, 31, 'inventada'),
(22, 19, 3, 7, 31, 'inventada'),
(23, 19, 4, 5, 31, 'inventada'),
(24, 19, 5, 3, 31, 'inventada'),
(25, 19, 5, 5, 31, 'inventada'),
(26, 115, 1, 6, 43, 'inventada'),
(27, 115, 1, 7, 43, 'inventada'),
(28, 115, 2, 6, 43, 'inventada'),
(29, 115, 2, 7, 43, 'inventada'),
(30, 115, 3, 6, 43, 'inventada'),
(31, 115, 4, 6, 43, 'inventada'),
(32, 115, 5, 5, 43, 'inventada'),
(33, 115, 5, 6, 43, 'inventada'),
(34, 37, 2, 3, 46, 'inventada'),
(35, 37, 2, 5, 46, 'inventada'),
(36, 37, 5, 6, 46, 'inventada'),
(37, 37, 5, 7, 46, 'inventada'),
(38, 41, 1, 1, 31, 'inventada'),
(39, 41, 2, 7, 31, 'inventada'),
(40, 41, 3, 6, 31, 'inventada'),
(41, 41, 4, 7, 31, 'inventada'),
(42, 41, 5, 6, 31, 'inventada'),
(43, 41, 3, 7, 30, 'inventada'),
(44, 41, 5, 7, 30, 'inventada'),
(45, 121, 1, 1, 48, 'inventada'),
(46, 121, 1, 2, 48, 'inventada'),
(47, 121, 2, 1, 48, 'inventada'),
(48, 121, 2, 2, 48, 'inventada'),
(49, 121, 4, 1, 48, 'inventada'),
(50, 121, 4, 2, 48, 'inventada'),
(51, 79, 1, 5, 40, 'inventada'),
(52, 79, 2, 1, 40, 'inventada'),
(53, 79, 4, 6, 40, 'inventada'),
(54, 79, 5, 5, 40, 'inventada'),
(55, 32, 1, 3, 35, 'inventada'),
(56, 32, 2, 5, 35, 'inventada'),
(57, 32, 3, 3, 35, 'inventada'),
(58, 32, 5, 1, 35, 'inventada'),
(59, 7, 1, 1, 1, 'inventada'),
(60, 7, 3, 1, 1, 'inventada'),
(61, 7, 4, 1, 1, 'inventada'),
(62, 24, 1, 7, 2, 'inventada'),
(63, 24, 2, 6, 2, 'inventada'),
(64, 24, 4, 7, 2, 'inventada'),
(65, 24, 2, 7, 3, 'inventada'),
(66, 24, 3, 6, 3, 'inventada'),
(67, 24, 5, 3, 3, 'inventada'),
(68, 24, 1, 5, 4, 'inventada'),
(69, 24, 3, 2, 4, 'inventada'),
(70, 24, 5, 2, 4, 'inventada'),
(71, 32, 2, 3, 5, 'inventada'),
(72, 32, 4, 2, 5, 'inventada'),
(73, 32, 5, 5, 5, 'inventada'),
(74, 32, 2, 1, 6, 'inventada'),
(75, 32, 3, 7, 6, 'inventada'),
(76, 32, 5, 6, 6, 'inventada'),
(77, 24, 2, 5, 7, 'inventada'),
(78, 24, 4, 5, 7, 'inventada'),
(79, 24, 5, 5, 7, 'inventada'),
(80, 24, 1, 2, 8, 'inventada'),
(81, 24, 3, 7, 8, 'inventada'),
(82, 24, 5, 6, 8, 'inventada'),
(83, 79, 4, 3, 16, 'inventada'),
(84, 79, 5, 7, 16, 'inventada'),
(85, 32, 4, 3, 17, 'inventada'),
(86, 32, 5, 7, 17, 'inventada'),
(87, 118, 3, 7, 18, 'inventada'),
(88, 118, 4, 3, 18, 'inventada'),
(89, 118, 2, 7, 20, 'inventada'),
(90, 118, 4, 7, 20, 'inventada'),
(91, 118, 2, 6, 21, 'inventada'),
(92, 118, 3, 6, 21, 'inventada'),
(93, 32, 2, 2, 22, 'inventada'),
(94, 32, 4, 1, 22, 'inventada'),
(95, 79, 2, 7, 23, 'inventada'),
(96, 79, 3, 7, 23, 'inventada'),
(97, 33, 4, 3, 16, 'inventada'),
(98, 33, 5, 7, 16, 'inventada'),
(99, 33, 4, 3, 17, 'inventada'),
(100, 33, 5, 7, 17, 'inventada'),
(101, 118, 2, 2, 24, 'inventada'),
(102, 118, 3, 2, 24, 'inventada'),
(103, 118, 5, 3, 24, 'inventada'),
(104, 118, 2, 2, 25, 'inventada'),
(105, 118, 3, 2, 25, 'inventada'),
(106, 118, 5, 3, 25, 'inventada'),
(107, 118, 2, 3, 26, 'inventada'),
(108, 118, 4, 6, 26, 'inventada'),
(109, 118, 5, 7, 26, 'inventada'),
(110, 24, 2, 3, 27, 'inventada'),
(111, 24, 4, 6, 27, 'inventada'),
(112, 24, 5, 7, 27, 'inventada'),
(113, 69, 1, 6, 45, 'inventada'),
(114, 69, 1, 7, 45, 'inventada'),
(115, 69, 2, 7, 45, 'inventada'),
(116, 69, 4, 6, 45, 'inventada'),
(117, 69, 5, 1, 45, 'inventada'),
(118, 69, 5, 2, 45, 'inventada'),
(119, 99, 3, 5, 1, 'inventada'),
(120, 99, 5, 1, 1, 'inventada'),
(121, 99, 3, 5, 2, 'inventada'),
(122, 99, 5, 1, 2, 'inventada'),
(123, 99, 3, 5, 3, 'inventada'),
(124, 99, 5, 1, 3, 'inventada'),
(125, 99, 3, 5, 4, 'inventada'),
(126, 99, 5, 1, 4, 'inventada'),
(127, 54, 3, 1, 5, 'inventada'),
(128, 54, 5, 3, 5, 'inventada'),
(129, 54, 3, 1, 6, 'inventada'),
(130, 54, 5, 3, 6, 'inventada'),
(131, 54, 3, 1, 7, 'inventada'),
(132, 54, 5, 3, 7, 'inventada'),
(133, 54, 3, 1, 8, 'inventada'),
(134, 54, 5, 3, 8, 'inventada'),
(135, 8, 2, 2, 9, 'inventada'),
(136, 8, 4, 5, 9, 'inventada'),
(137, 8, 2, 2, 10, 'inventada'),
(138, 8, 4, 5, 10, 'inventada'),
(139, 99, 2, 2, 11, 'inventada'),
(140, 99, 4, 5, 11, 'inventada'),
(141, 99, 1, 6, 12, 'inventada'),
(142, 99, 3, 6, 12, 'inventada'),
(143, 99, 1, 6, 13, 'inventada'),
(144, 99, 3, 6, 13, 'inventada'),
(145, 99, 1, 6, 14, 'inventada'),
(146, 99, 3, 6, 14, 'inventada'),
(147, 99, 1, 6, 15, 'inventada'),
(148, 99, 3, 6, 15, 'inventada'),
(149, 30, 2, 5, 16, 'inventada'),
(150, 30, 5, 5, 16, 'inventada'),
(151, 31, 2, 5, 17, 'inventada'),
(152, 31, 5, 5, 17, 'inventada'),
(153, 30, 2, 5, 18, 'inventada'),
(154, 30, 5, 5, 18, 'inventada'),
(155, 31, 2, 5, 20, 'inventada'),
(156, 31, 5, 5, 20, 'inventada'),
(157, 99, 2, 5, 21, 'inventada'),
(158, 99, 5, 5, 21, 'inventada'),
(159, 99, 2, 5, 22, 'inventada'),
(160, 99, 5, 5, 22, 'inventada'),
(161, 99, 2, 5, 23, 'inventada'),
(162, 99, 5, 5, 23, 'inventada'),
(163, 122, 2, 7, 28, 'inventada'),
(164, 122, 3, 7, 28, 'inventada'),
(165, 122, 5, 2, 28, 'inventada'),
(166, 122, 2, 7, 29, 'inventada'),
(167, 122, 3, 7, 29, 'inventada'),
(168, 122, 5, 2, 29, 'inventada'),
(169, 118, 1, 7, 30, 'inventada'),
(170, 118, 2, 5, 30, 'inventada'),
(171, 118, 3, 3, 30, 'inventada'),
(172, 118, 4, 5, 30, 'inventada'),
(173, 118, 5, 6, 30, 'inventada'),
(174, 120, 1, 6, 31, 'inventada'),
(175, 120, 2, 3, 31, 'inventada'),
(176, 120, 3, 1, 31, 'inventada'),
(177, 120, 4, 1, 31, 'inventada'),
(178, 120, 5, 1, 31, 'inventada'),
(179, 6, 2, 7, 30, 'inventada'),
(180, 6, 4, 6, 30, 'inventada'),
(181, 6, 2, 1, 31, 'inventada'),
(182, 6, 4, 3, 31, 'inventada'),
(183, 20, 4, 6, 41, 'inventada'),
(184, 20, 4, 7, 41, 'inventada'),
(185, 20, 5, 3, 41, 'inventada'),
(186, 20, 5, 5, 41, 'inventada'),
(187, 20, 5, 6, 41, 'inventada'),
(188, 15, 1, 8, 63, 'inventada'),
(189, 15, 1, 10, 63, 'inventada'),
(190, 15, 2, 17, 63, 'inventada'),
(191, 15, 3, 10, 63, 'inventada'),
(192, 15, 5, 17, 63, 'inventada'),
(193, 109, 3, 5, 1, 'inventada'),
(194, 109, 5, 1, 1, 'inventada'),
(195, 109, 3, 5, 2, 'inventada'),
(196, 109, 5, 1, 2, 'inventada'),
(197, 55, 3, 5, 3, 'inventada'),
(198, 55, 5, 1, 3, 'inventada'),
(199, 55, 3, 5, 4, 'inventada'),
(200, 55, 5, 1, 4, 'inventada'),
(201, 121, 3, 1, 5, 'inventada'),
(202, 121, 5, 3, 5, 'inventada'),
(203, 121, 3, 1, 6, 'inventada'),
(204, 121, 5, 3, 6, 'inventada'),
(205, 109, 3, 1, 7, 'inventada'),
(206, 109, 5, 3, 7, 'inventada'),
(207, 109, 3, 1, 8, 'inventada'),
(208, 109, 5, 3, 8, 'inventada'),
(209, 113, 2, 2, 9, 'inventada'),
(210, 113, 4, 5, 9, 'inventada'),
(211, 64, 2, 2, 10, 'inventada'),
(212, 64, 4, 5, 10, 'inventada'),
(213, 64, 2, 2, 11, 'inventada'),
(214, 64, 4, 5, 11, 'inventada'),
(215, 109, 1, 6, 12, 'inventada'),
(216, 109, 3, 6, 12, 'inventada'),
(217, 109, 1, 6, 13, 'inventada'),
(218, 109, 3, 6, 13, 'inventada'),
(219, 64, 1, 6, 14, 'inventada'),
(220, 64, 3, 6, 14, 'inventada'),
(221, 64, 1, 6, 15, 'inventada'),
(222, 64, 3, 6, 15, 'inventada'),
(223, 64, 2, 5, 16, 'inventada'),
(224, 64, 5, 5, 16, 'inventada'),
(225, 121, 2, 5, 17, 'inventada'),
(226, 121, 5, 5, 17, 'inventada'),
(227, 64, 2, 5, 18, 'inventada'),
(228, 64, 5, 5, 18, 'inventada'),
(229, 121, 2, 5, 20, 'inventada'),
(230, 121, 5, 5, 20, 'inventada'),
(231, 121, 2, 5, 21, 'inventada'),
(232, 121, 5, 5, 21, 'inventada'),
(233, 121, 2, 5, 22, 'inventada'),
(234, 121, 5, 5, 22, 'inventada'),
(235, 64, 2, 5, 23, 'inventada'),
(236, 64, 5, 5, 23, 'inventada'),
(237, 111, 1, 1, 47, 'inventada'),
(238, 111, 1, 2, 47, 'inventada'),
(239, 111, 2, 1, 47, 'inventada'),
(240, 111, 3, 1, 47, 'inventada'),
(241, 111, 3, 2, 47, 'inventada'),
(242, 15, 2, 12, 64, 'inventada'),
(243, 15, 4, 12, 64, 'inventada'),
(244, 15, 4, 15, 64, 'inventada'),
(245, 15, 5, 8, 64, 'inventada'),
(246, 15, 5, 10, 64, 'inventada'),
(247, 38, 1, 1, 30, 'inventada'),
(248, 38, 1, 2, 30, 'inventada'),
(249, 38, 2, 1, 30, 'inventada'),
(250, 38, 3, 1, 30, 'inventada'),
(251, 38, 4, 2, 30, 'inventada'),
(252, 38, 5, 1, 30, 'inventada'),
(253, 38, 1, 5, 31, 'inventada'),
(254, 38, 2, 2, 31, 'inventada'),
(255, 38, 3, 2, 31, 'inventada'),
(256, 38, 4, 6, 31, 'inventada'),
(257, 38, 5, 2, 31, 'inventada'),
(258, 59, 1, 3, 49, 'inventada'),
(259, 59, 1, 5, 49, 'inventada'),
(260, 59, 2, 3, 49, 'inventada'),
(261, 59, 2, 5, 49, 'inventada'),
(262, 59, 4, 3, 49, 'inventada'),
(263, 59, 5, 6, 49, 'inventada'),
(264, 123, 1, 8, 65, 'inventada'),
(265, 123, 1, 10, 65, 'inventada'),
(266, 123, 2, 8, 65, 'inventada'),
(267, 123, 3, 8, 65, 'inventada'),
(268, 123, 4, 12, 65, 'inventada'),
(269, 123, 4, 15, 65, 'inventada'),
(270, 124, 1, 6, 32, 'inventada'),
(271, 124, 4, 7, 32, 'inventada'),
(272, 91, 3, 6, 33, 'inventada'),
(273, 91, 5, 5, 33, 'inventada'),
(274, 91, 3, 6, 34, 'inventada'),
(275, 91, 5, 5, 34, 'inventada'),
(276, 10, 1, 7, 36, 'inventada'),
(277, 10, 2, 7, 36, 'inventada'),
(278, 10, 3, 6, 36, 'inventada'),
(279, 10, 5, 1, 36, 'inventada'),
(280, 81, 1, 5, 37, 'inventada'),
(281, 81, 3, 5, 37, 'inventada'),
(282, 81, 4, 3, 37, 'inventada'),
(283, 81, 5, 3, 37, 'inventada'),
(284, 53, 3, 6, 25, 'inventada'),
(285, 53, 4, 2, 25, 'inventada'),
(286, 53, 5, 6, 25, 'inventada'),
(287, 53, 3, 6, 27, 'inventada'),
(288, 53, 4, 2, 27, 'inventada'),
(289, 53, 5, 6, 27, 'inventada'),
(290, 72, 2, 6, 28, 'inventada'),
(291, 72, 3, 5, 28, 'inventada'),
(292, 72, 4, 5, 28, 'inventada'),
(293, 72, 2, 6, 29, 'inventada'),
(294, 72, 3, 5, 29, 'inventada'),
(295, 72, 4, 5, 29, 'inventada'),
(296, 91, 4, 16, 58, 'inventada'),
(297, 78, 1, 3, 50, 'inventada'),
(298, 78, 1, 5, 50, 'inventada'),
(299, 78, 2, 1, 50, 'inventada'),
(300, 78, 2, 2, 50, 'inventada'),
(301, 78, 3, 2, 50, 'inventada'),
(302, 78, 3, 3, 50, 'inventada'),
(303, 114, 1, 6, 50, 'inventada'),
(304, 114, 1, 7, 50, 'inventada'),
(305, 114, 2, 3, 50, 'inventada'),
(306, 114, 2, 5, 50, 'inventada'),
(307, 114, 3, 5, 50, 'inventada'),
(308, 114, 3, 6, 50, 'inventada'),
(309, 114, 4, 2, 50, 'inventada'),
(310, 114, 4, 3, 50, 'inventada'),
(311, 64, 3, 7, 50, 'inventada'),
(312, 64, 5, 6, 50, 'inventada'),
(313, 64, 5, 7, 50, 'inventada'),
(314, 29, 1, 1, 36, 'inventada'),
(315, 29, 1, 2, 36, 'inventada'),
(316, 108, 1, 2, 37, 'inventada'),
(317, 108, 2, 3, 37, 'inventada'),
(318, 108, 3, 2, 37, 'inventada'),
(319, 108, 4, 1, 37, 'inventada'),
(320, 81, 1, 3, 35, 'inventada'),
(321, 81, 2, 5, 35, 'inventada'),
(322, 81, 3, 3, 35, 'inventada'),
(323, 81, 5, 1, 35, 'inventada'),
(324, 10, 1, 3, 40, 'inventada'),
(325, 10, 3, 3, 40, 'inventada'),
(326, 10, 4, 5, 40, 'inventada'),
(327, 10, 5, 6, 40, 'inventada'),
(328, 108, 1, 1, 37, 'inventada'),
(329, 108, 2, 2, 37, 'inventada'),
(330, 108, 4, 2, 37, 'inventada'),
(331, 108, 5, 2, 37, 'inventada'),
(332, 37, 2, 6, 50, 'inventada'),
(333, 37, 2, 7, 50, 'inventada'),
(334, 37, 4, 6, 50, 'inventada'),
(335, 37, 4, 7, 50, 'inventada'),
(336, 37, 5, 2, 50, 'inventada'),
(337, 37, 5, 3, 50, 'inventada'),
(338, 91, 2, 13, 58, 'inventada'),
(339, 91, 2, 16, 58, 'inventada'),
(340, 119, 1, 3, 32, 'inventada'),
(341, 119, 2, 2, 32, 'inventada'),
(342, 119, 4, 6, 32, 'inventada'),
(343, 119, 5, 7, 32, 'inventada'),
(344, 119, 1, 7, 33, 'inventada'),
(345, 119, 3, 5, 33, 'inventada'),
(346, 119, 4, 1, 33, 'inventada'),
(347, 119, 5, 1, 33, 'inventada'),
(348, 119, 1, 5, 34, 'inventada'),
(349, 119, 2, 3, 34, 'inventada'),
(350, 119, 3, 3, 34, 'inventada'),
(351, 119, 4, 5, 34, 'inventada'),
(352, 91, 4, 11, 55, 'inventada'),
(353, 91, 4, 13, 55, 'inventada'),
(354, 119, 1, 2, 24, 'inventada'),
(355, 119, 2, 1, 24, 'inventada'),
(356, 119, 3, 7, 24, 'inventada'),
(357, 91, 1, 1, 25, 'inventada'),
(358, 91, 3, 5, 25, 'inventada'),
(359, 91, 5, 1, 25, 'inventada'),
(360, 124, 2, 3, 26, 'inventada'),
(361, 124, 4, 6, 26, 'inventada'),
(362, 124, 5, 7, 26, 'inventada'),
(363, 124, 2, 3, 27, 'inventada'),
(364, 124, 4, 6, 27, 'inventada'),
(365, 124, 5, 7, 27, 'inventada'),
(366, 88, 3, 6, 33, 'inventada'),
(367, 88, 5, 5, 33, 'inventada'),
(368, 88, 3, 6, 34, 'inventada'),
(369, 88, 5, 5, 34, 'inventada'),
(370, 16, 1, 6, 38, 'inventada'),
(371, 16, 2, 2, 38, 'inventada'),
(372, 16, 3, 5, 38, 'inventada'),
(373, 16, 5, 6, 38, 'inventada'),
(374, 16, 1, 5, 39, 'inventada'),
(375, 16, 2, 6, 39, 'inventada'),
(376, 16, 3, 6, 39, 'inventada'),
(377, 16, 4, 5, 39, 'inventada'),
(378, 18, 2, 7, 33, 'inventada'),
(379, 18, 4, 7, 33, 'inventada'),
(380, 100, 4, 5, 36, 'inventada'),
(381, 100, 5, 5, 36, 'inventada'),
(382, 30, 3, 7, 16, 'inventada'),
(383, 31, 3, 7, 17, 'inventada'),
(384, 30, 5, 6, 18, 'inventada'),
(385, 31, 1, 7, 20, 'inventada'),
(386, 31, 2, 7, 21, 'inventada'),
(387, 30, 4, 5, 22, 'inventada'),
(388, 30, 4, 6, 23, 'inventada'),
(389, 106, 2, 5, 16, 'inventada'),
(390, 106, 5, 5, 16, 'inventada'),
(391, 106, 2, 5, 17, 'inventada'),
(392, 106, 5, 5, 17, 'inventada'),
(393, 106, 2, 5, 18, 'inventada'),
(394, 106, 5, 5, 18, 'inventada'),
(395, 106, 2, 5, 20, 'inventada'),
(396, 106, 5, 5, 20, 'inventada'),
(397, 106, 2, 5, 21, 'inventada'),
(398, 106, 5, 5, 21, 'inventada'),
(399, 106, 2, 5, 22, 'inventada'),
(400, 106, 5, 5, 22, 'inventada'),
(401, 106, 2, 5, 23, 'inventada'),
(402, 106, 5, 5, 23, 'inventada'),
(403, 99, 1, 7, 37, 'inventada'),
(404, 99, 1, 7, 39, 'inventada'),
(405, 99, 1, 7, 40, 'inventada'),
(406, 31, 2, 6, 32, 'inventada'),
(407, 31, 5, 2, 33, 'inventada'),
(408, 31, 5, 2, 34, 'inventada'),
(409, 31, 2, 3, 35, 'inventada'),
(410, 31, 2, 6, 36, 'inventada'),
(411, 18, 1, 6, 35, 'inventada'),
(412, 18, 4, 6, 35, 'inventada'),
(413, 18, 3, 5, 32, 'inventada'),
(414, 18, 5, 6, 32, 'inventada'),
(415, 18, 1, 7, 34, 'inventada'),
(416, 18, 3, 1, 34, 'inventada'),
(417, 46, 1, 5, 1, 'inventada'),
(418, 46, 2, 2, 1, 'inventada'),
(419, 46, 5, 3, 1, 'inventada'),
(420, 18, 1, 5, 2, 'inventada'),
(421, 18, 3, 2, 2, 'inventada'),
(422, 18, 4, 5, 2, 'inventada'),
(423, 5, 1, 5, 3, 'inventada'),
(424, 5, 3, 2, 3, 'inventada'),
(425, 5, 4, 3, 3, 'inventada'),
(426, 18, 2, 6, 4, 'inventada'),
(427, 18, 3, 6, 4, 'inventada'),
(428, 18, 5, 5, 4, 'inventada'),
(429, 100, 2, 7, 5, 'inventada'),
(430, 100, 4, 7, 5, 'inventada'),
(431, 100, 5, 6, 5, 'inventada'),
(432, 46, 1, 2, 6, 'inventada'),
(433, 46, 3, 5, 6, 'inventada'),
(434, 46, 4, 2, 6, 'inventada'),
(435, 100, 1, 7, 7, 'inventada'),
(436, 100, 2, 3, 7, 'inventada'),
(437, 100, 4, 6, 7, 'inventada'),
(438, 5, 2, 1, 8, 'inventada'),
(439, 5, 4, 5, 8, 'inventada'),
(440, 5, 5, 1, 8, 'inventada'),
(441, 36, 3, 5, 9, 'inventada'),
(442, 36, 5, 1, 9, 'inventada'),
(443, 36, 3, 3, 10, 'inventada'),
(444, 36, 5, 6, 10, 'inventada'),
(445, 36, 2, 3, 11, 'inventada'),
(446, 36, 5, 3, 11, 'inventada'),
(447, 36, 3, 2, 12, 'inventada'),
(448, 36, 5, 5, 12, 'inventada'),
(449, 18, 3, 7, 13, 'inventada'),
(450, 18, 5, 7, 13, 'inventada'),
(451, 36, 2, 1, 14, 'inventada'),
(452, 36, 4, 5, 14, 'inventada'),
(453, 36, 2, 5, 15, 'inventada'),
(454, 36, 4, 3, 15, 'inventada'),
(455, 46, 1, 1, 24, 'inventada'),
(456, 46, 4, 1, 24, 'inventada'),
(457, 46, 3, 3, 25, 'inventada'),
(458, 46, 4, 3, 25, 'inventada'),
(459, 46, 1, 6, 26, 'inventada'),
(460, 46, 3, 1, 26, 'inventada'),
(461, 46, 1, 3, 27, 'inventada'),
(462, 46, 5, 1, 27, 'inventada'),
(463, 46, 2, 1, 28, 'inventada'),
(464, 46, 4, 6, 28, 'inventada'),
(465, 100, 1, 2, 29, 'inventada'),
(466, 100, 3, 6, 29, 'inventada'),
(467, 5, 3, 3, 16, 'inventada'),
(468, 5, 5, 2, 16, 'inventada'),
(469, 36, 1, 3, 17, 'inventada'),
(470, 36, 5, 2, 17, 'inventada'),
(471, 36, 1, 1, 18, 'inventada'),
(472, 36, 3, 6, 18, 'inventada'),
(473, 5, 3, 5, 20, 'inventada'),
(474, 5, 5, 6, 20, 'inventada'),
(475, 5, 2, 2, 21, 'inventada'),
(476, 5, 4, 2, 21, 'inventada'),
(477, 5, 3, 1, 22, 'inventada'),
(478, 5, 5, 3, 22, 'inventada'),
(479, 5, 1, 1, 23, 'inventada'),
(480, 5, 4, 1, 23, 'inventada'),
(481, 108, 2, 6, 1, 'inventada'),
(482, 108, 5, 6, 1, 'inventada'),
(483, 106, 1, 2, 2, 'inventada'),
(484, 106, 5, 7, 2, 'inventada'),
(485, 108, 3, 1, 3, 'inventada'),
(486, 108, 5, 5, 3, 'inventada'),
(487, 81, 2, 2, 4, 'inventada'),
(488, 81, 4, 2, 4, 'inventada'),
(489, 106, 1, 7, 5, 'inventada'),
(490, 106, 3, 7, 5, 'inventada'),
(491, 81, 1, 6, 6, 'inventada'),
(492, 81, 4, 5, 6, 'inventada'),
(493, 81, 2, 1, 7, 'inventada'),
(494, 81, 5, 2, 7, 'inventada'),
(495, 106, 1, 5, 8, 'inventada'),
(496, 106, 4, 6, 8, 'inventada'),
(497, 10, 1, 5, 9, 'inventada'),
(498, 10, 4, 7, 9, 'inventada'),
(499, 29, 2, 1, 10, 'inventada'),
(500, 29, 5, 3, 10, 'inventada'),
(501, 10, 3, 5, 11, 'inventada'),
(502, 10, 5, 5, 11, 'inventada'),
(503, 10, 1, 1, 12, 'inventada'),
(504, 10, 4, 3, 12, 'inventada'),
(505, 29, 1, 3, 13, 'inventada'),
(506, 29, 4, 5, 13, 'inventada'),
(507, 10, 3, 7, 14, 'inventada'),
(508, 10, 5, 7, 14, 'inventada'),
(509, 29, 3, 3, 15, 'inventada'),
(510, 29, 5, 2, 15, 'inventada'),
(511, 29, 3, 6, 24, 'inventada'),
(512, 29, 4, 2, 24, 'inventada'),
(513, 29, 5, 6, 24, 'inventada'),
(514, 29, 3, 6, 25, 'inventada'),
(515, 29, 4, 2, 25, 'inventada'),
(516, 29, 5, 6, 25, 'inventada'),
(517, 29, 3, 6, 27, 'inventada'),
(518, 29, 4, 2, 27, 'inventada'),
(519, 29, 5, 6, 27, 'inventada'),
(520, 108, 1, 5, 28, 'inventada'),
(521, 108, 3, 3, 28, 'inventada'),
(522, 108, 5, 1, 28, 'inventada'),
(523, 29, 2, 2, 29, 'inventada'),
(524, 29, 4, 3, 29, 'inventada'),
(525, 29, 5, 1, 29, 'inventada'),
(526, 69, 2, 5, 42, 'inventada'),
(527, 69, 2, 6, 42, 'inventada'),
(528, 69, 3, 3, 42, 'inventada'),
(529, 69, 3, 5, 42, 'inventada'),
(530, 69, 4, 7, 42, 'inventada'),
(531, 69, 5, 7, 42, 'inventada'),
(532, 48, 1, 1, 46, 'inventada'),
(533, 48, 2, 1, 46, 'inventada'),
(534, 48, 3, 6, 46, 'inventada'),
(535, 48, 5, 3, 46, 'inventada'),
(536, 48, 1, 2, 50, 'inventada'),
(537, 48, 3, 1, 50, 'inventada'),
(538, 48, 4, 1, 50, 'inventada'),
(539, 48, 5, 1, 50, 'inventada'),
(540, 4, 1, 6, 44, 'inventada'),
(541, 4, 1, 7, 44, 'inventada'),
(542, 4, 3, 6, 44, 'inventada'),
(543, 4, 3, 7, 44, 'inventada'),
(544, 4, 4, 6, 44, 'inventada'),
(545, 4, 4, 7, 44, 'inventada'),
(546, 4, 5, 6, 44, 'inventada'),
(547, 4, 5, 7, 44, 'inventada'),
(548, 59, 2, 6, 45, 'inventada'),
(549, 59, 3, 7, 45, 'inventada'),
(550, 59, 4, 7, 45, 'inventada'),
(551, 59, 5, 7, 45, 'inventada'),
(552, 19, 3, 3, 41, 'inventada'),
(553, 19, 3, 5, 41, 'inventada'),
(554, 19, 5, 7, 41, 'inventada'),
(555, 15, 2, 8, 63, 'inventada'),
(556, 15, 3, 12, 63, 'inventada'),
(557, 15, 3, 15, 63, 'inventada'),
(558, 92, 1, 3, 48, 'inventada'),
(559, 92, 3, 3, 48, 'inventada'),
(560, 92, 5, 3, 48, 'inventada'),
(561, 47, 1, 6, 42, 'inventada'),
(562, 47, 1, 7, 42, 'inventada'),
(563, 47, 3, 6, 42, 'inventada'),
(564, 47, 3, 7, 42, 'inventada'),
(565, 96, 1, 3, 1, 'inventada'),
(566, 96, 1, 3, 2, 'inventada'),
(567, 68, 1, 3, 3, 'inventada'),
(568, 68, 1, 3, 4, 'inventada'),
(569, 96, 3, 3, 5, 'inventada'),
(570, 96, 3, 3, 6, 'inventada'),
(571, 73, 3, 3, 7, 'inventada'),
(572, 73, 3, 3, 8, 'inventada'),
(573, 58, 1, 3, 1, 'inventada'),
(574, 86, 1, 3, 2, 'inventada'),
(575, 86, 1, 3, 3, 'inventada'),
(576, 58, 1, 3, 4, 'inventada'),
(577, 86, 3, 3, 5, 'inventada'),
(578, 86, 3, 3, 6, 'inventada'),
(579, 89, 3, 3, 7, 'inventada'),
(580, 89, 3, 3, 8, 'inventada'),
(581, 67, 4, 18, 58, 'inventada'),
(582, 31, 1, 5, 36, 'inventada'),
(583, 31, 4, 6, 36, 'inventada'),
(584, 31, 5, 7, 36, 'inventada'),
(585, 54, 2, 7, 35, 'inventada'),
(586, 54, 3, 7, 35, 'inventada'),
(587, 54, 5, 2, 35, 'inventada'),
(588, 54, 1, 7, 32, 'inventada'),
(589, 54, 3, 3, 32, 'inventada'),
(590, 54, 5, 1, 32, 'inventada'),
(591, 54, 1, 6, 33, 'inventada'),
(592, 54, 2, 1, 33, 'inventada'),
(593, 54, 4, 2, 33, 'inventada'),
(594, 31, 1, 6, 34, 'inventada'),
(595, 31, 3, 2, 34, 'inventada'),
(596, 31, 4, 7, 34, 'inventada'),
(597, 31, 3, 6, 24, 'inventada'),
(598, 31, 4, 2, 24, 'inventada'),
(599, 31, 5, 6, 24, 'inventada'),
(600, 99, 2, 7, 25, 'inventada'),
(601, 99, 3, 7, 25, 'inventada'),
(602, 99, 5, 2, 25, 'inventada'),
(603, 31, 3, 6, 26, 'inventada'),
(604, 31, 4, 2, 26, 'inventada'),
(605, 31, 5, 6, 26, 'inventada'),
(606, 30, 1, 1, 27, 'inventada'),
(607, 30, 3, 5, 27, 'inventada'),
(608, 30, 4, 1, 27, 'inventada'),
(609, 120, 1, 5, 40, 'inventada'),
(610, 120, 2, 1, 40, 'inventada'),
(611, 120, 4, 6, 40, 'inventada'),
(612, 120, 5, 5, 40, 'inventada'),
(613, 33, 1, 7, 16, 'inventada'),
(614, 33, 4, 2, 16, 'inventada'),
(615, 33, 1, 7, 17, 'inventada'),
(616, 33, 4, 2, 17, 'inventada'),
(617, 120, 1, 7, 35, 'inventada'),
(618, 120, 2, 6, 35, 'inventada'),
(619, 120, 4, 3, 35, 'inventada'),
(620, 120, 5, 3, 35, 'inventada'),
(621, 79, 1, 1, 13, 'inventada'),
(622, 79, 3, 2, 13, 'inventada'),
(623, 79, 4, 2, 13, 'inventada'),
(624, 79, 5, 3, 13, 'inventada'),
(625, 79, 1, 1, 14, 'inventada'),
(626, 79, 3, 2, 14, 'inventada'),
(627, 79, 4, 2, 14, 'inventada'),
(628, 79, 5, 3, 14, 'inventada'),
(629, 122, 2, 3, 9, 'inventada'),
(630, 122, 3, 6, 9, 'inventada'),
(631, 122, 5, 6, 9, 'inventada'),
(632, 33, 1, 2, 10, 'inventada'),
(633, 33, 3, 7, 10, 'inventada'),
(634, 33, 5, 5, 10, 'inventada'),
(635, 122, 2, 6, 11, 'inventada'),
(636, 122, 4, 1, 11, 'inventada'),
(637, 122, 5, 7, 11, 'inventada'),
(638, 117, 1, 2, 12, 'inventada'),
(639, 117, 2, 7, 12, 'inventada'),
(640, 117, 4, 7, 12, 'inventada'),
(641, 117, 1, 1, 13, 'inventada'),
(642, 117, 3, 2, 13, 'inventada'),
(643, 117, 5, 3, 13, 'inventada'),
(644, 33, 1, 1, 14, 'inventada'),
(645, 33, 3, 2, 14, 'inventada'),
(646, 33, 5, 3, 14, 'inventada'),
(647, 117, 2, 6, 15, 'inventada'),
(648, 117, 3, 1, 15, 'inventada'),
(649, 117, 5, 1, 15, 'inventada'),
(650, 11, 1, 7, 16, 'inventada'),
(651, 11, 4, 2, 16, 'inventada'),
(652, 11, 5, 1, 16, 'inventada'),
(653, 122, 1, 7, 17, 'inventada'),
(654, 122, 4, 2, 17, 'inventada'),
(655, 122, 5, 1, 17, 'inventada'),
(656, 11, 1, 3, 18, 'inventada'),
(657, 11, 4, 1, 18, 'inventada'),
(658, 11, 5, 2, 18, 'inventada'),
(659, 122, 1, 6, 20, 'inventada'),
(660, 122, 2, 2, 20, 'inventada'),
(661, 122, 5, 3, 20, 'inventada'),
(662, 11, 1, 2, 21, 'inventada'),
(663, 11, 2, 3, 21, 'inventada'),
(664, 11, 5, 3, 21, 'inventada'),
(665, 11, 1, 1, 22, 'inventada'),
(666, 11, 3, 6, 22, 'inventada'),
(667, 11, 4, 6, 22, 'inventada'),
(668, 122, 1, 5, 23, 'inventada'),
(669, 122, 3, 2, 23, 'inventada'),
(670, 122, 4, 3, 23, 'inventada'),
(671, 11, 2, 7, 26, 'inventada'),
(672, 11, 3, 7, 26, 'inventada'),
(673, 11, 4, 7, 26, 'inventada'),
(674, 11, 1, 6, 27, 'inventada'),
(675, 11, 2, 1, 27, 'inventada'),
(676, 11, 4, 3, 27, 'inventada'),
(677, 25, 2, 7, 42, 'inventada'),
(678, 25, 4, 6, 42, 'inventada'),
(679, 25, 5, 6, 42, 'inventada'),
(680, 25, 3, 7, 43, 'inventada'),
(681, 25, 4, 7, 43, 'inventada'),
(682, 25, 5, 7, 43, 'inventada'),
(683, 25, 2, 2, 41, 'inventada'),
(684, 25, 2, 3, 41, 'inventada'),
(685, 25, 4, 3, 41, 'inventada'),
(686, 17, 2, 10, 63, 'inventada'),
(687, 17, 2, 12, 63, 'inventada'),
(688, 17, 5, 12, 63, 'inventada'),
(689, 25, 1, 8, 64, 'inventada'),
(690, 25, 4, 8, 64, 'inventada'),
(691, 25, 4, 10, 64, 'inventada'),
(692, 25, 1, 5, 48, 'inventada'),
(693, 25, 3, 5, 48, 'inventada'),
(694, 25, 5, 5, 48, 'inventada'),
(695, 25, 1, 6, 47, 'inventada'),
(696, 25, 1, 7, 47, 'inventada'),
(697, 25, 2, 5, 47, 'inventada'),
(698, 73, 3, 11, 58, 'inventada'),
(699, 68, 1, 1, 33, 'inventada'),
(700, 68, 3, 3, 33, 'inventada'),
(701, 68, 4, 2, 36, 'inventada'),
(702, 68, 5, 2, 36, 'inventada'),
(703, 96, 1, 1, 35, 'inventada'),
(704, 96, 4, 2, 35, 'inventada'),
(705, 68, 2, 3, 32, 'inventada'),
(706, 68, 4, 1, 32, 'inventada'),
(707, 68, 2, 1, 34, 'inventada'),
(708, 68, 5, 6, 34, 'inventada'),
(709, 96, 3, 5, 1, 'inventada'),
(710, 96, 5, 1, 1, 'inventada'),
(711, 96, 3, 5, 2, 'inventada'),
(712, 96, 5, 1, 2, 'inventada'),
(713, 68, 3, 5, 3, 'inventada'),
(714, 68, 5, 1, 3, 'inventada'),
(715, 68, 3, 5, 4, 'inventada'),
(716, 68, 5, 1, 4, 'inventada'),
(717, 96, 3, 1, 5, 'inventada'),
(718, 96, 5, 3, 5, 'inventada'),
(719, 96, 3, 1, 6, 'inventada'),
(720, 96, 5, 3, 6, 'inventada'),
(721, 73, 3, 1, 7, 'inventada'),
(722, 73, 5, 3, 7, 'inventada'),
(723, 73, 3, 1, 8, 'inventada'),
(724, 73, 5, 3, 8, 'inventada'),
(725, 96, 2, 2, 9, 'inventada'),
(726, 96, 4, 5, 9, 'inventada'),
(727, 96, 2, 2, 10, 'inventada'),
(728, 96, 4, 5, 10, 'inventada'),
(729, 96, 2, 2, 11, 'inventada'),
(730, 96, 4, 5, 11, 'inventada'),
(731, 96, 1, 6, 12, 'inventada'),
(732, 96, 3, 6, 12, 'inventada'),
(733, 96, 1, 6, 13, 'inventada'),
(734, 96, 3, 6, 13, 'inventada'),
(735, 68, 1, 6, 14, 'inventada'),
(736, 68, 3, 6, 14, 'inventada'),
(737, 68, 1, 6, 15, 'inventada'),
(738, 68, 3, 6, 15, 'inventada'),
(739, 73, 1, 2, 37, 'inventada'),
(740, 73, 2, 3, 37, 'inventada'),
(741, 73, 3, 2, 37, 'inventada'),
(742, 73, 4, 1, 37, 'inventada'),
(743, 73, 1, 2, 38, 'inventada'),
(744, 73, 2, 3, 38, 'inventada'),
(745, 73, 3, 2, 38, 'inventada'),
(746, 73, 4, 1, 38, 'inventada'),
(747, 96, 1, 2, 39, 'inventada'),
(748, 96, 2, 3, 39, 'inventada'),
(749, 96, 3, 2, 39, 'inventada'),
(750, 96, 4, 1, 39, 'inventada'),
(751, 96, 1, 2, 40, 'inventada'),
(752, 96, 2, 3, 40, 'inventada'),
(753, 96, 3, 2, 40, 'inventada'),
(754, 96, 4, 1, 40, 'inventada'),
(755, 68, 2, 5, 16, 'inventada'),
(756, 68, 5, 5, 16, 'inventada'),
(757, 68, 2, 5, 17, 'inventada'),
(758, 68, 5, 5, 17, 'inventada'),
(759, 96, 2, 5, 18, 'inventada'),
(760, 96, 5, 5, 18, 'inventada'),
(761, 96, 2, 5, 20, 'inventada'),
(762, 96, 5, 5, 20, 'inventada'),
(763, 68, 2, 5, 21, 'inventada'),
(764, 68, 5, 5, 21, 'inventada'),
(765, 73, 2, 5, 22, 'inventada'),
(766, 73, 5, 5, 22, 'inventada'),
(767, 73, 2, 5, 23, 'inventada'),
(768, 73, 5, 5, 23, 'inventada'),
(769, 73, 2, 7, 24, 'inventada'),
(770, 73, 4, 3, 24, 'inventada'),
(771, 73, 5, 2, 24, 'inventada'),
(772, 68, 1, 2, 26, 'inventada'),
(773, 68, 3, 2, 26, 'inventada'),
(774, 68, 4, 3, 26, 'inventada'),
(775, 106, 1, 6, 37, 'inventada'),
(776, 106, 2, 7, 37, 'inventada'),
(777, 106, 3, 6, 37, 'inventada'),
(778, 106, 4, 5, 37, 'inventada'),
(779, 106, 1, 3, 36, 'inventada'),
(780, 106, 2, 3, 36, 'inventada'),
(781, 106, 4, 7, 36, 'inventada'),
(782, 106, 5, 6, 36, 'inventada'),
(783, 57, 4, 16, 55, 'inventada'),
(784, 57, 4, 18, 55, 'inventada'),
(785, 75, 1, 1, 38, 'inventada'),
(786, 75, 2, 5, 38, 'inventada'),
(787, 75, 3, 1, 38, 'inventada'),
(788, 75, 4, 2, 38, 'inventada'),
(789, 75, 1, 1, 39, 'inventada'),
(790, 75, 2, 5, 39, 'inventada'),
(791, 75, 3, 1, 39, 'inventada'),
(792, 75, 4, 2, 39, 'inventada'),
(793, 38, 1, 6, 1, 'inventada'),
(794, 38, 3, 3, 1, 'inventada'),
(795, 38, 4, 5, 1, 'inventada'),
(796, 3, 2, 7, 2, 'inventada'),
(797, 3, 3, 1, 2, 'inventada'),
(798, 3, 5, 2, 2, 'inventada'),
(799, 66, 1, 2, 3, 'inventada'),
(800, 66, 2, 6, 3, 'inventada'),
(801, 66, 4, 1, 3, 'inventada'),
(802, 94, 1, 2, 4, 'inventada'),
(803, 94, 3, 1, 4, 'inventada'),
(804, 94, 5, 7, 4, 'inventada'),
(806, 57, 3, 5, 5, 'inventada'),
(807, 57, 5, 1, 5, 'inventada'),
(808, 66, 1, 5, 6, 'inventada'),
(809, 66, 4, 6, 6, 'inventada'),
(810, 66, 5, 7, 6, 'inventada'),
(811, 95, 1, 6, 7, 'inventada'),
(812, 95, 4, 7, 7, 'inventada'),
(813, 95, 5, 1, 7, 'inventada'),
(814, 95, 1, 1, 8, 'inventada'),
(815, 95, 2, 7, 8, 'inventada'),
(816, 95, 5, 7, 8, 'inventada'),
(817, 71, 2, 3, 13, 'inventada'),
(818, 71, 4, 1, 13, 'inventada'),
(819, 71, 5, 1, 13, 'inventada'),
(820, 71, 2, 3, 14, 'inventada'),
(821, 71, 4, 1, 14, 'inventada'),
(822, 71, 5, 1, 14, 'inventada'),
(823, 75, 1, 7, 9, 'inventada'),
(824, 75, 3, 2, 9, 'inventada'),
(825, 75, 5, 3, 9, 'inventada'),
(826, 21, 1, 3, 10, 'inventada'),
(827, 21, 2, 3, 10, 'inventada'),
(828, 21, 4, 1, 10, 'inventada'),
(829, 21, 1, 5, 11, 'inventada'),
(830, 21, 2, 1, 11, 'inventada'),
(831, 21, 3, 6, 11, 'inventada'),
(832, 3, 2, 3, 12, 'inventada'),
(833, 3, 4, 1, 12, 'inventada'),
(834, 3, 5, 1, 12, 'inventada'),
(835, 75, 2, 3, 13, 'inventada'),
(836, 75, 4, 1, 13, 'inventada'),
(837, 75, 5, 1, 13, 'inventada'),
(838, 94, 2, 3, 14, 'inventada'),
(839, 94, 4, 1, 14, 'inventada'),
(840, 94, 5, 1, 14, 'inventada'),
(841, 3, 1, 5, 15, 'inventada'),
(842, 3, 3, 2, 15, 'inventada'),
(843, 3, 4, 7, 15, 'inventada'),
(844, 66, 2, 7, 16, 'inventada'),
(845, 66, 3, 6, 16, 'inventada'),
(846, 66, 4, 7, 16, 'inventada'),
(847, 116, 2, 7, 17, 'inventada'),
(848, 116, 3, 6, 17, 'inventada'),
(849, 116, 4, 7, 17, 'inventada'),
(850, 21, 1, 7, 18, 'inventada'),
(851, 21, 2, 6, 18, 'inventada'),
(852, 21, 4, 5, 18, 'inventada'),
(853, 12, 2, 3, 20, 'inventada'),
(854, 12, 3, 7, 20, 'inventada'),
(855, 12, 5, 7, 20, 'inventada'),
(856, 94, 1, 3, 21, 'inventada'),
(857, 94, 3, 2, 21, 'inventada'),
(858, 94, 4, 3, 21, 'inventada'),
(859, 95, 1, 3, 22, 'inventada'),
(860, 95, 3, 3, 22, 'inventada'),
(861, 95, 5, 6, 22, 'inventada'),
(862, 116, 1, 7, 23, 'inventada'),
(863, 116, 3, 3, 23, 'inventada'),
(864, 116, 4, 2, 23, 'inventada'),
(865, 12, 2, 7, 16, 'inventada'),
(866, 12, 3, 6, 16, 'inventada'),
(867, 12, 4, 7, 16, 'inventada'),
(868, 12, 2, 7, 17, 'inventada'),
(869, 12, 3, 6, 17, 'inventada'),
(870, 12, 4, 7, 17, 'inventada'),
(871, 3, 1, 7, 24, 'inventada'),
(872, 3, 2, 5, 24, 'inventada'),
(873, 3, 4, 5, 24, 'inventada'),
(874, 95, 1, 7, 25, 'inventada'),
(875, 95, 2, 3, 25, 'inventada'),
(876, 95, 4, 5, 25, 'inventada'),
(877, 94, 1, 7, 26, 'inventada'),
(878, 94, 2, 2, 26, 'inventada'),
(879, 94, 5, 5, 26, 'inventada'),
(880, 95, 2, 5, 27, 'inventada'),
(881, 95, 3, 1, 27, 'inventada'),
(882, 95, 5, 3, 27, 'inventada'),
(883, 12, 1, 6, 28, 'inventada'),
(884, 12, 2, 5, 28, 'inventada'),
(885, 12, 4, 3, 28, 'inventada'),
(886, 12, 1, 7, 29, 'inventada'),
(887, 12, 2, 1, 29, 'inventada'),
(888, 12, 4, 6, 29, 'inventada'),
(889, 9, 4, 5, 47, 'inventada'),
(890, 9, 5, 6, 47, 'inventada'),
(891, 9, 5, 7, 47, 'inventada'),
(892, 9, 1, 10, 64, 'inventada'),
(893, 9, 1, 12, 64, 'inventada'),
(894, 9, 3, 8, 64, 'inventada'),
(895, 43, 1, 1, 49, 'inventada'),
(896, 43, 1, 2, 49, 'inventada'),
(897, 43, 4, 1, 49, 'inventada'),
(898, 43, 4, 2, 49, 'inventada'),
(899, 43, 5, 1, 49, 'inventada'),
(900, 43, 5, 2, 49, 'inventada'),
(901, 123, 2, 10, 65, 'inventada'),
(902, 123, 2, 12, 65, 'inventada'),
(903, 123, 3, 15, 65, 'inventada'),
(904, 123, 3, 17, 65, 'inventada'),
(905, 123, 5, 8, 65, 'inventada'),
(906, 123, 5, 10, 65, 'inventada'),
(907, 62, 2, 6, 49, 'inventada'),
(908, 62, 3, 6, 49, 'inventada'),
(909, 62, 3, 7, 49, 'inventada'),
(910, 62, 4, 5, 49, 'inventada'),
(911, 62, 4, 6, 49, 'inventada'),
(912, 15, 1, 12, 65, 'inventada'),
(913, 15, 1, 15, 65, 'inventada'),
(914, 15, 2, 15, 65, 'inventada'),
(915, 15, 4, 8, 65, 'inventada'),
(916, 15, 4, 10, 65, 'inventada'),
(917, 98, 2, 1, 49, 'inventada'),
(918, 98, 2, 2, 49, 'inventada'),
(919, 98, 3, 1, 49, 'inventada'),
(920, 98, 3, 2, 49, 'inventada'),
(921, 98, 4, 17, 65, 'inventada'),
(922, 98, 4, 19, 65, 'inventada'),
(923, 98, 5, 12, 65, 'inventada'),
(924, 98, 5, 15, 65, 'inventada'),
(925, 51, 1, 5, 34, 'inventada'),
(926, 51, 2, 3, 34, 'inventada'),
(927, 51, 3, 3, 34, 'inventada'),
(928, 51, 4, 5, 34, 'inventada'),
(929, 51, 1, 1, 39, 'inventada'),
(930, 51, 2, 5, 39, 'inventada'),
(931, 51, 3, 1, 39, 'inventada'),
(932, 51, 4, 2, 39, 'inventada'),
(933, 54, 1, 1, 51, 'inventada'),
(934, 81, 1, 1, 51, 'inventada'),
(935, 52, 1, 1, 51, 'inventada'),
(936, 77, 1, 1, 51, 'inventada'),
(937, 42, 1, 1, 51, 'inventada'),
(938, 83, 1, 1, 51, 'inventada'),
(939, 63, 1, 1, 51, 'inventada'),
(940, 41, 1, 2, 51, 'inventada'),
(941, 14, 1, 2, 51, 'inventada'),
(942, 26, 1, 2, 51, 'inventada'),
(943, 51, 1, 2, 51, 'inventada'),
(944, 5, 1, 2, 51, 'inventada'),
(945, 10, 1, 2, 51, 'inventada'),
(946, 22, 1, 2, 51, 'inventada'),
(947, 95, 1, 2, 51, 'inventada'),
(948, 98, 1, 3, 51, 'inventada'),
(949, 89, 1, 3, 51, 'inventada'),
(950, 79, 1, 3, 51, 'inventada'),
(951, 24, 1, 3, 51, 'inventada'),
(952, 54, 1, 3, 51, 'inventada'),
(953, 108, 1, 3, 51, 'inventada'),
(954, 77, 1, 3, 51, 'inventada'),
(955, 93, 1, 3, 51, 'inventada'),
(956, 4, 1, 5, 51, 'inventada'),
(957, 43, 1, 5, 51, 'inventada'),
(958, 20, 1, 5, 51, 'inventada'),
(959, 82, 1, 5, 51, 'inventada'),
(960, 89, 1, 5, 51, 'inventada'),
(961, 72, 1, 5, 51, 'inventada'),
(962, 100, 1, 5, 51, 'inventada'),
(963, 94, 1, 5, 51, 'inventada'),
(964, 124, 1, 5, 51, 'inventada'),
(965, 98, 1, 6, 51, 'inventada'),
(966, 43, 1, 6, 51, 'inventada'),
(967, 26, 1, 6, 51, 'inventada'),
(968, 33, 1, 6, 51, 'inventada'),
(969, 117, 1, 6, 51, 'inventada'),
(970, 24, 1, 6, 51, 'inventada'),
(971, 94, 1, 6, 51, 'inventada'),
(972, 98, 1, 7, 51, 'inventada'),
(974, 89, 1, 7, 51, 'inventada'),
(975, 117, 1, 7, 51, 'inventada'),
(976, 57, 1, 7, 51, 'inventada'),
(977, 124, 1, 7, 51, 'inventada'),
(978, 74, 1, 7, 51, 'inventada'),
(979, 92, 2, 1, 51, 'inventada'),
(980, 80, 2, 1, 51, 'inventada'),
(981, 69, 2, 1, 51, 'inventada'),
(982, 35, 2, 1, 51, 'inventada'),
(983, 99, 2, 1, 51, 'inventada'),
(984, 108, 2, 1, 51, 'inventada'),
(985, 3, 2, 1, 51, 'inventada'),
(986, 55, 2, 1, 51, 'inventada'),
(987, 114, 2, 2, 51, 'inventada'),
(988, 14, 2, 2, 51, 'inventada'),
(989, 72, 2, 2, 51, 'inventada'),
(990, 33, 2, 2, 51, 'inventada'),
(991, 120, 2, 2, 51, 'inventada'),
(992, 24, 2, 2, 51, 'inventada'),
(993, 22, 2, 2, 51, 'inventada'),
(994, 55, 2, 2, 51, 'inventada'),
(995, 98, 2, 3, 51, 'inventada'),
(997, 72, 2, 3, 51, 'inventada'),
(998, 79, 2, 3, 51, 'inventada'),
(999, 99, 2, 3, 51, 'inventada'),
(1000, 30, 2, 3, 51, 'inventada'),
(1001, 65, 2, 3, 51, 'inventada'),
(1002, 84, 2, 3, 51, 'inventada'),
(1003, 16, 2, 3, 51, 'inventada'),
(1004, 62, 2, 5, 51, 'inventada'),
(1005, 92, 2, 5, 51, 'inventada'),
(1006, 122, 2, 5, 51, 'inventada'),
(1007, 100, 2, 5, 51, 'inventada'),
(1008, 65, 2, 5, 51, 'inventada'),
(1009, 55, 2, 5, 51, 'inventada'),
(1010, 49, 2, 5, 51, 'inventada'),
(1011, 109, 2, 5, 51, 'inventada'),
(1012, 8, 2, 5, 51, 'inventada'),
(1013, 4, 2, 6, 51, 'inventada'),
(1014, 9, 2, 6, 51, 'inventada'),
(1015, 44, 2, 6, 51, 'inventada'),
(1016, 79, 2, 6, 51, 'inventada'),
(1017, 54, 2, 6, 51, 'inventada'),
(1018, 81, 2, 6, 51, 'inventada'),
(1019, 106, 2, 6, 51, 'inventada'),
(1020, 3, 2, 6, 51, 'inventada'),
(1021, 25, 2, 6, 51, 'inventada'),
(1022, 98, 2, 7, 51, 'inventada'),
(1023, 4, 2, 7, 51, 'inventada'),
(1024, 59, 2, 7, 51, 'inventada'),
(1025, 19, 2, 7, 51, 'inventada'),
(1026, 62, 2, 7, 51, 'inventada'),
(1027, 20, 2, 7, 51, 'inventada'),
(1028, 40, 2, 7, 51, 'inventada'),
(1029, 78, 3, 1, 51, 'inventada'),
(1030, 68, 3, 1, 51, 'inventada'),
(1031, 36, 3, 1, 51, 'inventada'),
(1032, 81, 3, 1, 51, 'inventada'),
(1033, 65, 3, 1, 51, 'inventada'),
(1034, 57, 3, 1, 51, 'inventada'),
(1035, 93, 3, 1, 51, 'inventada'),
(1036, 115, 3, 2, 51, 'inventada'),
(1037, 90, 3, 2, 51, 'inventada'),
(1038, 22, 3, 2, 51, 'inventada'),
(1039, 65, 3, 2, 51, 'inventada'),
(1040, 109, 3, 2, 51, 'inventada'),
(1041, 42, 3, 2, 51, 'inventada'),
(1042, 25, 3, 2, 51, 'inventada'),
(1043, 9, 3, 3, 51, 'inventada'),
(1044, 122, 3, 3, 51, 'inventada'),
(1045, 79, 3, 3, 51, 'inventada'),
(1046, 24, 3, 3, 51, 'inventada'),
(1047, 18, 3, 3, 51, 'inventada'),
(1048, 110, 3, 3, 51, 'inventada'),
(1049, 93, 3, 3, 51, 'inventada'),
(1050, 7, 3, 3, 51, 'inventada'),
(1051, 8, 3, 3, 51, 'inventada'),
(1052, 4, 3, 5, 51, 'inventada'),
(1053, 62, 3, 5, 51, 'inventada'),
(1054, 89, 3, 5, 51, 'inventada'),
(1055, 13, 3, 5, 51, 'inventada'),
(1056, 33, 3, 5, 51, 'inventada'),
(1057, 122, 3, 5, 51, 'inventada'),
(1058, 118, 3, 5, 51, 'inventada'),
(1059, 29, 3, 5, 51, 'inventada'),
(1060, 8, 3, 5, 51, 'inventada'),
(1061, 59, 3, 6, 51, 'inventada'),
(1062, 43, 3, 6, 51, 'inventada'),
(1063, 19, 3, 6, 51, 'inventada'),
(1064, 105, 3, 6, 51, 'inventada'),
(1065, 33, 3, 6, 51, 'inventada'),
(1066, 108, 3, 6, 51, 'inventada'),
(1067, 107, 3, 6, 51, 'inventada'),
(1068, 25, 3, 6, 51, 'inventada'),
(1069, 43, 3, 7, 51, 'inventada'),
(1070, 114, 3, 7, 51, 'inventada'),
(1071, 102, 3, 7, 51, 'inventada'),
(1072, 89, 3, 7, 51, 'inventada'),
(1073, 87, 3, 7, 51, 'inventada'),
(1074, 8, 3, 7, 51, 'inventada'),
(1075, 74, 3, 7, 51, 'inventada'),
(1076, 105, 4, 1, 51, 'inventada'),
(1077, 80, 4, 1, 51, 'inventada'),
(1078, 36, 4, 1, 51, 'inventada'),
(1079, 29, 4, 1, 51, 'inventada'),
(1080, 77, 4, 2, 51, 'inventada'),
(1081, 38, 4, 1, 51, 'inventada'),
(1082, 116, 4, 1, 51, 'inventada'),
(1083, 93, 4, 1, 51, 'inventada'),
(1084, 105, 4, 2, 51, 'inventada'),
(1085, 35, 4, 2, 51, 'inventada'),
(1086, 72, 4, 2, 51, 'inventada'),
(1087, 118, 4, 2, 51, 'inventada'),
(1088, 30, 4, 2, 51, 'inventada'),
(1089, 52, 4, 2, 51, 'inventada'),
(1090, 49, 4, 2, 51, 'inventada'),
(1091, 111, 4, 3, 51, 'inventada'),
(1092, 78, 4, 3, 51, 'inventada'),
(1093, 51, 4, 3, 51, 'inventada'),
(1094, 24, 4, 3, 51, 'inventada'),
(1095, 22, 4, 3, 51, 'inventada'),
(1096, 107, 4, 3, 51, 'inventada'),
(1097, 38, 4, 3, 51, 'inventada'),
(1098, 88, 4, 3, 51, 'inventada'),
(1099, 41, 4, 3, 51, 'inventada'),
(1100, 115, 4, 5, 51, 'inventada'),
(1101, 6, 4, 5, 51, 'inventada'),
(1102, 82, 4, 5, 51, 'inventada'),
(1103, 58, 4, 5, 51, 'inventada'),
(1104, 79, 4, 5, 51, 'inventada'),
(1105, 22, 4, 5, 51, 'inventada'),
(1106, 39, 4, 5, 51, 'inventada'),
(1107, 116, 4, 5, 51, 'inventada'),
(1108, 59, 4, 6, 51, 'inventada'),
(1109, 43, 4, 6, 51, 'inventada'),
(1110, 72, 4, 6, 51, 'inventada'),
(1111, 55, 4, 6, 51, 'inventada'),
(1112, 109, 4, 6, 51, 'inventada'),
(1113, 16, 4, 6, 51, 'inventada'),
(1114, 34, 4, 6, 51, 'inventada'),
(1115, 62, 4, 7, 51, 'inventada'),
(1116, 115, 4, 7, 51, 'inventada'),
(1117, 6, 4, 7, 51, 'inventada'),
(1118, 65, 4, 7, 51, 'inventada'),
(1119, 55, 4, 7, 51, 'inventada'),
(1120, 74, 4, 7, 51, 'inventada'),
(1121, 63, 4, 7, 51, 'inventada'),
(1122, 121, 5, 1, 51, 'inventada'),
(1123, 14, 5, 1, 51, 'inventada'),
(1124, 102, 5, 1, 51, 'inventada'),
(1125, 87, 5, 1, 51, 'inventada'),
(1126, 77, 5, 1, 51, 'inventada'),
(1127, 84, 5, 1, 51, 'inventada'),
(1128, 111, 5, 1, 51, 'inventada'),
(1129, 33, 5, 2, 51, 'inventada'),
(1130, 117, 5, 2, 51, 'inventada'),
(1131, 118, 1, 6, 51, 'inventada'),
(1132, 46, 5, 2, 51, 'inventada'),
(1133, 10, 5, 2, 51, 'inventada'),
(1134, 95, 5, 2, 51, 'inventada'),
(1135, 49, 5, 2, 51, 'inventada'),
(1136, 119, 5, 2, 51, 'inventada'),
(1137, 78, 5, 3, 51, 'inventada'),
(1138, 115, 5, 3, 51, 'inventada'),
(1139, 104, 5, 3, 51, 'inventada'),
(1140, 93, 5, 3, 51, 'inventada'),
(1141, 42, 5, 3, 51, 'inventada'),
(1142, 7, 5, 3, 51, 'inventada'),
(1143, 25, 5, 3, 51, 'inventada'),
(1144, 88, 5, 3, 51, 'inventada'),
(1145, 41, 5, 5, 51, 'inventada'),
(1146, 92, 5, 5, 51, 'inventada'),
(1147, 69, 5, 5, 51, 'inventada'),
(1148, 40, 5, 5, 51, 'inventada'),
(1149, 122, 5, 5, 51, 'inventada'),
(1150, 118, 5, 5, 51, 'inventada'),
(1151, 5, 5, 5, 51, 'inventada'),
(1152, 105, 5, 6, 51, 'inventada'),
(1153, 121, 5, 6, 51, 'inventada'),
(1154, 80, 5, 6, 51, 'inventada'),
(1155, 69, 5, 6, 51, 'inventada'),
(1156, 51, 5, 6, 51, 'inventada'),
(1157, 45, 5, 6, 51, 'inventada'),
(1158, 49, 5, 6, 51, 'inventada'),
(1159, 119, 5, 6, 51, 'inventada'),
(1160, 105, 5, 7, 51, 'inventada'),
(1161, 121, 5, 7, 51, 'inventada'),
(1162, 92, 5, 7, 51, 'inventada'),
(1163, 80, 5, 7, 51, 'inventada'),
(1164, 87, 5, 7, 51, 'inventada'),
(1165, 51, 5, 7, 51, 'inventada'),
(1166, 8, 5, 7, 51, 'inventada'),
(1167, 70, 1, 1, 53, 'inventada'),
(1168, 75, 1, 2, 53, 'inventada'),
(1169, 38, 1, 3, 53, 'inventada'),
(1170, 68, 1, 5, 53, 'inventada'),
(1171, 86, 1, 6, 53, 'inventada'),
(1172, 96, 1, 7, 53, 'inventada'),
(1173, 96, 2, 1, 53, 'inventada'),
(1174, 103, 2, 2, 53, 'inventada'),
(1175, 116, 2, 3, 53, 'inventada'),
(1176, 11, 2, 5, 53, 'inventada'),
(1177, 34, 2, 6, 53, 'inventada'),
(1178, 120, 2, 7, 53, 'inventada'),
(1179, 70, 3, 1, 53, 'inventada'),
(1180, 71, 3, 2, 53, 'inventada'),
(1181, 66, 3, 3, 53, 'inventada'),
(1182, 12, 3, 5, 53, 'inventada'),
(1183, 81, 3, 6, 53, 'inventada'),
(1184, 56, 3, 7, 53, 'inventada'),
(1185, 70, 4, 1, 53, 'inventada'),
(1186, 12, 4, 2, 53, 'inventada'),
(1187, 116, 4, 3, 53, 'inventada'),
(1188, 11, 4, 5, 53, 'inventada'),
(1189, 81, 4, 6, 53, 'inventada'),
(1190, 64, 4, 7, 53, 'inventada'),
(1191, 86, 5, 1, 53, 'inventada'),
(1192, 96, 5, 2, 53, 'inventada'),
(1193, 38, 5, 3, 53, 'inventada'),
(1194, 11, 5, 5, 53, 'inventada'),
(1195, 66, 5, 6, 53, 'inventada'),
(1196, 56, 5, 7, 53, 'inventada'),
(1197, 88, 1, 4, 70, 'inventada'),
(1198, 115, 1, 4, 71, 'inventada'),
(1199, 92, 1, 4, 66, 'inventada'),
(1200, 104, 1, 4, 68, 'inventada'),
(1201, 13, 1, 4, 73, 'inventada'),
(1202, 122, 1, 4, 67, 'inventada'),
(1203, 18, 1, 4, 69, 'inventada'),
(1204, 45, 1, 4, 72, 'inventada'),
(1205, 84, 1, 4, 62, 'inventada'),
(1206, 9, 2, 4, 66, 'inventada'),
(1207, 80, 2, 4, 70, 'inventada'),
(1208, 58, 2, 4, 67, 'inventada'),
(1209, 90, 2, 4, 68, 'inventada'),
(1210, 106, 2, 4, 69, 'inventada'),
(1211, 39, 2, 4, 71, 'inventada'),
(1212, 109, 2, 4, 72, 'inventada'),
(1213, 42, 2, 4, 73, 'inventada'),
(1214, 25, 2, 4, 62, 'inventada'),
(1215, 111, 3, 4, 73, 'inventada'),
(1216, 92, 3, 4, 69, 'inventada'),
(1217, 104, 3, 4, 72, 'inventada'),
(1218, 13, 3, 4, 68, 'inventada'),
(1219, 18, 3, 4, 62, 'inventada'),
(1220, 110, 3, 4, 70, 'inventada'),
(1221, 109, 3, 4, 74, 'inventada'),
(1222, 42, 3, 4, 66, 'inventada'),
(1223, 25, 3, 4, 67, 'inventada'),
(1224, 9, 4, 4, 68, 'inventada'),
(1225, 111, 4, 4, 62, 'inventada'),
(1226, 122, 4, 4, 70, 'inventada'),
(1227, 18, 4, 4, 71, 'inventada'),
(1228, 106, 4, 4, 73, 'inventada'),
(1229, 110, 4, 4, 72, 'inventada'),
(1230, 39, 4, 4, 69, 'inventada'),
(1231, 109, 4, 4, 66, 'inventada'),
(1232, 42, 4, 4, 67, 'inventada'),
(1233, 115, 5, 4, 73, 'inventada'),
(1234, 80, 5, 4, 69, 'inventada'),
(1235, 58, 5, 4, 68, 'inventada'),
(1236, 90, 5, 4, 71, 'inventada'),
(1237, 18, 5, 4, 62, 'inventada'),
(1238, 45, 5, 4, 67, 'inventada'),
(1239, 109, 5, 4, 72, 'inventada'),
(1240, 42, 5, 4, 66, 'inventada'),
(1241, 84, 5, 4, 70, 'inventada'),
(1242, 57, 2, 11, 55, 'inventada'),
(1243, 67, 3, 13, 55, 'inventada'),
(1244, 57, 4, 11, 58, 'inventada'),
(1245, 57, 4, 13, 58, 'inventada'),
(1246, 30, 2, 1, 37, 'inventada'),
(1247, 30, 4, 7, 37, 'inventada'),
(1248, 30, 3, 6, 38, 'inventada'),
(1249, 30, 5, 1, 38, 'inventada'),
(1250, 99, 4, 7, 39, 'inventada'),
(1251, 99, 5, 6, 39, 'inventada'),
(1252, 99, 2, 6, 40, 'inventada'),
(1253, 99, 5, 3, 40, 'inventada'),
(1254, 116, 2, 6, 37, 'inventada'),
(1255, 116, 3, 7, 37, 'inventada'),
(1256, 116, 5, 1, 37, 'inventada'),
(1257, 116, 2, 1, 38, 'inventada'),
(1258, 116, 4, 6, 38, 'inventada'),
(1259, 116, 5, 2, 38, 'inventada'),
(1260, 66, 1, 3, 39, 'inventada'),
(1261, 66, 3, 7, 39, 'inventada'),
(1262, 66, 5, 5, 39, 'inventada'),
(1263, 21, 2, 7, 40, 'inventada'),
(1264, 21, 4, 7, 40, 'inventada'),
(1265, 21, 5, 1, 40, 'inventada'),
(1266, 66, 1, 1, 39, 'inventada'),
(1267, 75, 1, 5, 39, 'inventada'),
(1268, 66, 2, 5, 39, 'inventada'),
(1269, 75, 2, 6, 39, 'inventada'),
(1270, 66, 3, 1, 39, 'inventada'),
(1271, 75, 3, 6, 39, 'inventada'),
(1272, 66, 4, 2, 39, 'inventada'),
(1273, 75, 4, 5, 39, 'inventada'),
(1274, 94, 1, 1, 32, 'inventada'),
(1275, 94, 2, 1, 32, 'inventada'),
(1276, 94, 4, 2, 32, 'inventada'),
(1277, 94, 5, 3, 32, 'inventada'),
(1278, 3, 2, 2, 33, 'inventada'),
(1279, 3, 3, 7, 33, 'inventada'),
(1280, 3, 4, 3, 33, 'inventada'),
(1281, 3, 5, 3, 33, 'inventada'),
(1282, 21, 2, 2, 34, 'inventada'),
(1283, 21, 3, 7, 34, 'inventada'),
(1284, 21, 4, 3, 34, 'inventada'),
(1285, 21, 5, 3, 34, 'inventada'),
(1286, 3, 2, 2, 36, 'inventada'),
(1287, 3, 3, 7, 36, 'inventada'),
(1288, 3, 4, 3, 36, 'inventada'),
(1289, 3, 5, 3, 36, 'inventada'),
(1290, 28, 2, 7, 49, 'inventada'),
(1291, 28, 4, 7, 49, 'inventada'),
(1292, 28, 5, 7, 49, 'inventada'),
(1293, 28, 1, 17, 65, 'inventada'),
(1294, 28, 1, 19, 65, 'inventada'),
(1295, 28, 3, 19, 65, 'inventada'),
(1296, 47, 1, 1, 45, 'inventada'),
(1297, 47, 4, 1, 45, 'inventada'),
(1298, 47, 4, 2, 45, 'inventada'),
(1299, 86, 2, 1, 44, 'inventada'),
(1300, 86, 3, 1, 44, 'inventada'),
(1301, 86, 4, 1, 44, 'inventada'),
(1302, 105, 3, 7, 46, 'inventada'),
(1303, 105, 4, 6, 46, 'inventada'),
(1304, 105, 4, 7, 46, 'inventada'),
(1305, 78, 1, 1, 50, 'inventada'),
(1306, 78, 4, 5, 50, 'inventada'),
(1307, 78, 5, 5, 50, 'inventada'),
(1308, 47, 3, 1, 42, 'inventada'),
(1309, 47, 3, 2, 42, 'inventada'),
(1310, 47, 4, 3, 42, 'inventada'),
(1311, 47, 4, 5, 42, 'inventada'),
(1312, 101, 1, 1, 42, 'inventada'),
(1313, 101, 1, 2, 42, 'inventada'),
(1314, 101, 2, 2, 42, 'inventada'),
(1315, 101, 2, 3, 42, 'inventada'),
(1316, 101, 4, 2, 42, 'inventada'),
(1317, 101, 5, 3, 42, 'inventada'),
(1318, 101, 5, 5, 42, 'inventada'),
(1319, 61, 1, 3, 37, 'inventada'),
(1320, 61, 3, 1, 37, 'inventada'),
(1321, 61, 5, 5, 37, 'inventada'),
(1322, 6, 1, 5, 38, 'inventada'),
(1323, 6, 3, 3, 38, 'inventada'),
(1324, 6, 5, 7, 38, 'inventada'),
(1325, 35, 2, 7, 39, 'inventada'),
(1326, 35, 3, 5, 39, 'inventada'),
(1327, 35, 5, 3, 39, 'inventada'),
(1328, 97, 2, 11, 58, 'inventada'),
(1329, 28, 2, 6, 47, 'inventada'),
(1330, 28, 4, 1, 47, 'inventada'),
(1331, 28, 5, 1, 47, 'inventada'),
(1332, 28, 5, 2, 47, 'inventada'),
(1333, 28, 1, 15, 64, 'inventada'),
(1334, 28, 2, 19, 64, 'inventada'),
(1335, 28, 3, 15, 64, 'inventada'),
(1336, 28, 3, 17, 64, 'inventada'),
(1337, 61, 2, 5, 36, 'inventada'),
(1338, 61, 3, 3, 36, 'inventada'),
(1339, 61, 4, 1, 36, 'inventada'),
(1340, 97, 1, 5, 35, 'inventada'),
(1341, 97, 3, 5, 35, 'inventada'),
(1342, 97, 4, 5, 35, 'inventada'),
(1343, 82, 2, 5, 32, 'inventada'),
(1344, 82, 3, 2, 32, 'inventada'),
(1345, 82, 5, 5, 32, 'inventada'),
(1346, 58, 1, 2, 33, 'inventada'),
(1347, 58, 2, 3, 33, 'inventada'),
(1348, 58, 4, 6, 33, 'inventada'),
(1349, 97, 1, 2, 34, 'inventada'),
(1350, 97, 2, 5, 34, 'inventada'),
(1351, 97, 5, 1, 34, 'inventada'),
(1352, 58, 2, 7, 1, 'inventada'),
(1353, 58, 3, 2, 1, 'inventada'),
(1354, 58, 4, 2, 1, 'inventada'),
(1355, 58, 5, 5, 1, 'inventada'),
(1356, 14, 1, 1, 2, 'inventada'),
(1357, 14, 2, 1, 2, 'inventada'),
(1358, 14, 4, 1, 2, 'inventada'),
(1359, 14, 5, 5, 2, 'inventada'),
(1360, 102, 1, 1, 3, 'inventada'),
(1361, 102, 2, 1, 3, 'inventada'),
(1362, 102, 3, 3, 3, 'inventada'),
(1363, 102, 4, 6, 3, 'inventada'),
(1364, 58, 1, 1, 4, 'inventada'),
(1365, 58, 2, 1, 4, 'inventada'),
(1366, 58, 4, 1, 4, 'inventada'),
(1367, 58, 5, 3, 4, 'inventada'),
(1368, 86, 1, 2, 5, 'inventada'),
(1369, 86, 2, 2, 5, 'inventada'),
(1370, 86, 3, 2, 5, 'inventada'),
(1371, 86, 4, 3, 5, 'inventada'),
(1372, 14, 1, 3, 6, 'inventada'),
(1373, 14, 2, 3, 6, 'inventada'),
(1374, 14, 3, 2, 6, 'inventada'),
(1375, 14, 5, 2, 6, 'inventada'),
(1376, 102, 1, 2, 7, 'inventada'),
(1377, 102, 2, 2, 7, 'inventada'),
(1378, 102, 3, 2, 7, 'inventada'),
(1379, 102, 4, 1, 7, 'inventada'),
(1380, 102, 1, 3, 8, 'inventada'),
(1381, 102, 3, 6, 8, 'inventada'),
(1382, 102, 4, 7, 8, 'inventada'),
(1383, 102, 5, 2, 8, 'inventada'),
(1384, 89, 1, 1, 41, 'inventada'),
(1385, 89, 1, 2, 41, 'inventada'),
(1386, 89, 2, 7, 41, 'inventada'),
(1387, 89, 3, 1, 41, 'inventada'),
(1388, 89, 3, 2, 41, 'inventada'),
(1389, 89, 2, 15, 63, 'inventada'),
(1390, 89, 2, 19, 63, 'inventada'),
(1391, 89, 4, 17, 63, 'inventada'),
(1392, 89, 4, 19, 63, 'inventada'),
(1393, 89, 5, 19, 63, 'inventada'),
(1394, 97, 2, 13, 55, 'inventada'),
(1395, 35, 3, 1, 13, 'inventada'),
(1396, 35, 4, 3, 13, 'inventada'),
(1397, 35, 5, 6, 13, 'inventada'),
(1398, 35, 3, 1, 14, 'inventada'),
(1399, 35, 4, 3, 14, 'inventada'),
(1400, 35, 5, 6, 14, 'inventada'),
(1401, 6, 2, 2, 40, 'inventada'),
(1402, 6, 3, 6, 40, 'inventada'),
(1403, 6, 5, 2, 40, 'inventada'),
(1404, 97, 1, 6, 9, 'inventada'),
(1405, 97, 3, 1, 9, 'inventada'),
(1406, 97, 5, 5, 9, 'inventada'),
(1407, 58, 2, 5, 10, 'inventada'),
(1408, 58, 4, 7, 10, 'inventada'),
(1409, 58, 5, 7, 10, 'inventada'),
(1410, 97, 1, 1, 11, 'inventada'),
(1411, 97, 3, 3, 11, 'inventada'),
(1412, 97, 4, 6, 11, 'inventada'),
(1413, 14, 1, 5, 12, 'inventada'),
(1414, 14, 2, 5, 12, 'inventada'),
(1415, 14, 4, 2, 12, 'inventada'),
(1416, 14, 3, 1, 13, 'inventada'),
(1417, 14, 4, 3, 13, 'inventada'),
(1418, 14, 5, 6, 13, 'inventada'),
(1419, 58, 3, 1, 14, 'inventada'),
(1420, 58, 4, 3, 14, 'inventada'),
(1421, 58, 5, 6, 14, 'inventada'),
(1422, 82, 1, 3, 15, 'inventada'),
(1423, 82, 3, 5, 15, 'inventada'),
(1424, 82, 4, 6, 15, 'inventada'),
(1425, 61, 1, 6, 16, 'inventada'),
(1426, 61, 2, 6, 16, 'inventada'),
(1427, 61, 3, 5, 16, 'inventada'),
(1428, 61, 5, 3, 16, 'inventada'),
(1429, 6, 1, 6, 17, 'inventada'),
(1430, 6, 2, 6, 17, 'inventada'),
(1431, 6, 3, 5, 17, 'inventada'),
(1432, 6, 5, 3, 17, 'inventada'),
(1433, 61, 1, 2, 18, 'inventada'),
(1434, 61, 2, 2, 18, 'inventada'),
(1435, 61, 3, 2, 18, 'inventada'),
(1436, 61, 5, 1, 18, 'inventada'),
(1437, 61, 1, 1, 20, 'inventada'),
(1438, 61, 3, 6, 20, 'inventada'),
(1439, 61, 4, 2, 20, 'inventada'),
(1440, 61, 5, 2, 20, 'inventada'),
(1441, 6, 1, 7, 21, 'inventada'),
(1442, 6, 3, 7, 21, 'inventada'),
(1443, 6, 4, 1, 21, 'inventada'),
(1444, 6, 5, 6, 21, 'inventada'),
(1445, 82, 1, 7, 22, 'inventada'),
(1446, 82, 2, 7, 22, 'inventada'),
(1447, 82, 3, 7, 22, 'inventada'),
(1448, 82, 4, 7, 22, 'inventada'),
(1449, 82, 1, 2, 23, 'inventada'),
(1450, 82, 2, 3, 23, 'inventada'),
(1451, 82, 3, 6, 23, 'inventada'),
(1452, 82, 5, 6, 23, 'inventada'),
(1453, 14, 1, 6, 16, 'inventada'),
(1454, 14, 2, 6, 16, 'inventada'),
(1455, 14, 3, 5, 16, 'inventada'),
(1456, 14, 5, 3, 16, 'inventada'),
(1457, 14, 1, 6, 17, 'inventada'),
(1458, 14, 2, 6, 17, 'inventada'),
(1459, 14, 3, 5, 17, 'inventada'),
(1460, 14, 5, 3, 17, 'inventada'),
(1461, 82, 1, 6, 24, 'inventada'),
(1462, 82, 2, 6, 24, 'inventada'),
(1463, 82, 3, 3, 24, 'inventada'),
(1464, 82, 5, 7, 24, 'inventada'),
(1465, 35, 1, 2, 25, 'inventada'),
(1466, 35, 2, 5, 25, 'inventada'),
(1467, 35, 4, 6, 25, 'inventada'),
(1468, 35, 5, 7, 25, 'inventada'),
(1469, 86, 1, 1, 26, 'inventada'),
(1470, 86, 2, 5, 26, 'inventada'),
(1471, 86, 3, 5, 26, 'inventada'),
(1472, 86, 5, 2, 26, 'inventada'),
(1473, 35, 2, 6, 27, 'inventada'),
(1474, 35, 3, 3, 27, 'inventada'),
(1475, 35, 4, 7, 27, 'inventada'),
(1476, 35, 5, 5, 27, 'inventada'),
(1477, 35, 1, 1, 28, 'inventada'),
(1478, 35, 2, 2, 28, 'inventada'),
(1479, 35, 3, 2, 28, 'inventada'),
(1480, 35, 4, 1, 28, 'inventada'),
(1481, 102, 1, 5, 29, 'inventada'),
(1482, 102, 3, 1, 29, 'inventada'),
(1483, 102, 4, 2, 29, 'inventada'),
(1484, 102, 5, 3, 29, 'inventada'),
(1485, 16, 2, 5, 16, 'inventada'),
(1486, 16, 5, 5, 16, 'inventada'),
(1487, 16, 2, 5, 17, 'inventada'),
(1488, 16, 5, 5, 17, 'inventada'),
(1489, 16, 2, 5, 18, 'inventada'),
(1490, 16, 5, 5, 18, 'inventada'),
(1491, 16, 2, 5, 20, 'inventada'),
(1492, 16, 5, 5, 20, 'inventada'),
(1493, 16, 2, 5, 21, 'inventada'),
(1494, 16, 5, 5, 21, 'inventada'),
(1495, 16, 2, 5, 22, 'inventada'),
(1496, 16, 5, 5, 22, 'inventada'),
(1497, 16, 2, 5, 23, 'inventada'),
(1498, 16, 5, 5, 23, 'inventada'),
(1499, 16, 1, 7, 28, 'inventada'),
(1500, 16, 4, 7, 28, 'inventada'),
(1501, 16, 5, 7, 28, 'inventada'),
(1502, 16, 2, 7, 29, 'inventada'),
(1503, 16, 3, 7, 29, 'inventada'),
(1504, 16, 5, 2, 29, 'inventada'),
(1505, 69, 1, 5, 45, 'inventada'),
(1506, 69, 2, 2, 45, 'inventada'),
(1507, 69, 2, 3, 45, 'inventada'),
(1508, 69, 3, 1, 45, 'inventada'),
(1509, 69, 3, 2, 45, 'inventada'),
(1510, 69, 5, 3, 45, 'inventada'),
(1511, 47, 1, 2, 45, 'inventada'),
(1512, 47, 1, 3, 45, 'inventada'),
(1513, 47, 2, 1, 45, 'inventada'),
(1514, 47, 3, 3, 45, 'inventada'),
(1515, 47, 5, 5, 45, 'inventada'),
(1516, 47, 5, 6, 45, 'inventada'),
(1517, 101, 1, 3, 42, 'inventada'),
(1518, 101, 1, 5, 42, 'inventada'),
(1519, 101, 2, 1, 42, 'inventada'),
(1520, 101, 4, 1, 42, 'inventada'),
(1521, 101, 5, 1, 42, 'inventada'),
(1522, 101, 5, 2, 42, 'inventada'),
(1523, 101, 2, 5, 45, 'inventada'),
(1524, 101, 3, 5, 45, 'inventada'),
(1525, 101, 3, 6, 45, 'inventada'),
(1526, 101, 4, 3, 45, 'inventada'),
(1527, 101, 4, 5, 45, 'inventada'),
(1528, 51, 1, 3, 34, 'inventada'),
(1529, 51, 2, 6, 34, 'inventada'),
(1530, 51, 3, 5, 34, 'inventada'),
(1531, 51, 4, 1, 34, 'inventada'),
(1532, 51, 1, 6, 39, 'inventada'),
(1533, 51, 2, 1, 39, 'inventada'),
(1534, 51, 4, 6, 39, 'inventada'),
(1535, 51, 5, 2, 39, 'inventada'),
(1536, 51, 2, 2, 24, 'inventada'),
(1537, 51, 3, 2, 24, 'inventada'),
(1538, 51, 5, 3, 24, 'inventada'),
(1539, 51, 2, 2, 25, 'inventada'),
(1540, 51, 3, 2, 25, 'inventada'),
(1541, 51, 5, 3, 25, 'inventada'),
(1542, 60, 2, 1, 35, 'inventada'),
(1543, 60, 3, 1, 35, 'inventada'),
(1544, 60, 5, 5, 35, 'inventada'),
(1545, 90, 1, 6, 36, 'inventada');
INSERT INTO `horario_lectivo` (`id_horario`, `usuario`, `dia`, `hora`, `grupo`, `aula`) VALUES
(1546, 90, 2, 1, 36, 'inventada'),
(1547, 90, 3, 5, 36, 'inventada'),
(1548, 50, 1, 5, 32, 'inventada'),
(1549, 50, 3, 1, 32, 'inventada'),
(1550, 50, 4, 5, 32, 'inventada'),
(1551, 40, 1, 5, 33, 'inventada'),
(1552, 40, 3, 1, 33, 'inventada'),
(1553, 40, 5, 6, 33, 'inventada'),
(1554, 40, 1, 1, 34, 'inventada'),
(1555, 40, 4, 2, 34, 'inventada'),
(1556, 40, 5, 7, 34, 'inventada'),
(1557, 60, 2, 5, 37, 'inventada'),
(1558, 60, 4, 6, 37, 'inventada'),
(1559, 60, 5, 6, 37, 'inventada'),
(1560, 50, 1, 7, 38, 'inventada'),
(1561, 50, 3, 7, 38, 'inventada'),
(1562, 50, 4, 7, 38, 'inventada'),
(1563, 2, 2, 2, 39, 'inventada'),
(1564, 2, 4, 3, 39, 'inventada'),
(1565, 2, 5, 1, 39, 'inventada'),
(1566, 12, 1, 1, 16, 'inventada'),
(1567, 12, 2, 2, 16, 'inventada'),
(1568, 12, 3, 2, 16, 'inventada'),
(1569, 12, 4, 1, 16, 'inventada'),
(1570, 12, 1, 1, 17, 'inventada'),
(1571, 12, 2, 2, 17, 'inventada'),
(1572, 12, 3, 2, 17, 'inventada'),
(1573, 12, 4, 1, 17, 'inventada'),
(1574, 40, 1, 2, 1, 'inventada'),
(1575, 40, 2, 3, 1, 'inventada'),
(1576, 40, 4, 6, 1, 'inventada'),
(1577, 40, 5, 2, 1, 'inventada'),
(1578, 13, 1, 6, 2, 'inventada'),
(1579, 13, 3, 6, 2, 'inventada'),
(1580, 13, 4, 6, 2, 'inventada'),
(1581, 13, 5, 6, 2, 'inventada'),
(1582, 87, 1, 6, 3, 'inventada'),
(1583, 8, 1, 6, 3, 'inventada'),
(1584, 87, 2, 3, 3, 'inventada'),
(1585, 8, 2, 3, 3, 'inventada'),
(1586, 87, 4, 7, 3, 'inventada'),
(1587, 8, 4, 7, 3, 'inventada'),
(1588, 87, 5, 2, 3, 'inventada'),
(1589, 8, 5, 2, 3, 'inventada'),
(1590, 13, 1, 7, 4, 'inventada'),
(1591, 13, 2, 7, 4, 'inventada'),
(1592, 13, 3, 7, 4, 'inventada'),
(1593, 13, 4, 5, 4, 'inventada'),
(1594, 53, 1, 3, 5, 'inventada'),
(1595, 53, 2, 1, 5, 'inventada'),
(1596, 53, 4, 1, 5, 'inventada'),
(1597, 53, 5, 2, 5, 'inventada'),
(1598, 104, 1, 7, 6, 'inventada'),
(1599, 104, 2, 7, 6, 'inventada'),
(1600, 104, 3, 6, 6, 'inventada'),
(1601, 104, 4, 3, 6, 'inventada'),
(1602, 87, 1, 5, 7, 'inventada'),
(1603, 8, 1, 5, 7, 'inventada'),
(1604, 87, 2, 7, 7, 'inventada'),
(1605, 8, 2, 7, 7, 'inventada'),
(1606, 87, 3, 6, 7, 'inventada'),
(1607, 8, 3, 6, 7, 'inventada'),
(1608, 87, 4, 3, 7, 'inventada'),
(1609, 8, 4, 3, 7, 'inventada'),
(1610, 87, 1, 7, 8, 'inventada'),
(1611, 8, 1, 7, 8, 'inventada'),
(1612, 87, 3, 2, 8, 'inventada'),
(1613, 8, 3, 2, 8, 'inventada'),
(1614, 87, 4, 2, 8, 'inventada'),
(1615, 8, 4, 2, 8, 'inventada'),
(1616, 87, 5, 5, 8, 'inventada'),
(1617, 8, 5, 5, 8, 'inventada'),
(1618, 71, 1, 7, 13, 'inventada'),
(1619, 71, 2, 5, 13, 'inventada'),
(1620, 71, 3, 3, 13, 'inventada'),
(1621, 71, 5, 5, 13, 'inventada'),
(1622, 71, 1, 7, 14, 'inventada'),
(1623, 71, 2, 5, 14, 'inventada'),
(1624, 71, 3, 3, 14, 'inventada'),
(1625, 71, 5, 5, 14, 'inventada'),
(1626, 2, 1, 1, 40, 'inventada'),
(1627, 2, 3, 1, 40, 'inventada'),
(1628, 2, 4, 2, 40, 'inventada'),
(1629, 72, 2, 5, 9, 'inventada'),
(1630, 13, 2, 5, 9, 'inventada'),
(1631, 72, 3, 3, 9, 'inventada'),
(1632, 13, 3, 3, 9, 'inventada'),
(1633, 72, 4, 3, 9, 'inventada'),
(1634, 13, 4, 3, 9, 'inventada'),
(1635, 72, 5, 7, 9, 'inventada'),
(1636, 13, 5, 7, 9, 'inventada'),
(1637, 71, 1, 1, 10, 'inventada'),
(1638, 71, 3, 5, 10, 'inventada'),
(1639, 71, 4, 2, 10, 'inventada'),
(1640, 71, 5, 2, 10, 'inventada'),
(1641, 72, 1, 6, 11, 'inventada'),
(1642, 72, 3, 2, 11, 'inventada'),
(1643, 72, 4, 7, 11, 'inventada'),
(1644, 72, 5, 6, 11, 'inventada'),
(1645, 90, 2, 6, 12, 'inventada'),
(1646, 8, 2, 6, 12, 'inventada'),
(1647, 90, 3, 1, 12, 'inventada'),
(1648, 8, 3, 1, 12, 'inventada'),
(1649, 90, 4, 6, 12, 'inventada'),
(1650, 8, 4, 6, 12, 'inventada'),
(1651, 90, 5, 3, 12, 'inventada'),
(1652, 8, 5, 3, 12, 'inventada'),
(1653, 26, 1, 7, 13, 'inventada'),
(1654, 26, 2, 5, 13, 'inventada'),
(1655, 26, 3, 3, 13, 'inventada'),
(1656, 26, 5, 5, 13, 'inventada'),
(1657, 90, 1, 7, 14, 'inventada'),
(1658, 90, 2, 5, 14, 'inventada'),
(1659, 90, 3, 3, 14, 'inventada'),
(1660, 90, 5, 5, 14, 'inventada'),
(1661, 90, 2, 7, 15, 'inventada'),
(1662, 90, 3, 7, 15, 'inventada'),
(1663, 90, 4, 5, 15, 'inventada'),
(1664, 90, 5, 6, 15, 'inventada'),
(1665, 26, 1, 1, 16, 'inventada'),
(1666, 26, 2, 2, 16, 'inventada'),
(1667, 26, 3, 2, 16, 'inventada'),
(1668, 26, 4, 1, 16, 'inventada'),
(1669, 60, 1, 1, 17, 'inventada'),
(1670, 60, 2, 2, 17, 'inventada'),
(1671, 60, 3, 2, 17, 'inventada'),
(1672, 60, 4, 1, 17, 'inventada'),
(1673, 60, 2, 3, 18, 'inventada'),
(1674, 60, 3, 5, 18, 'inventada'),
(1675, 60, 4, 2, 18, 'inventada'),
(1676, 60, 5, 3, 18, 'inventada'),
(1677, 104, 1, 3, 20, 'inventada'),
(1678, 104, 2, 6, 20, 'inventada'),
(1679, 104, 3, 2, 20, 'inventada'),
(1680, 104, 4, 5, 20, 'inventada'),
(1681, 104, 1, 6, 21, 'inventada'),
(1682, 104, 3, 5, 21, 'inventada'),
(1683, 104, 4, 7, 21, 'inventada'),
(1684, 104, 5, 2, 21, 'inventada'),
(1685, 26, 1, 5, 22, 'inventada'),
(1686, 26, 2, 3, 22, 'inventada'),
(1687, 26, 4, 2, 22, 'inventada'),
(1688, 26, 5, 7, 22, 'inventada'),
(1689, 26, 1, 3, 23, 'inventada'),
(1690, 26, 2, 1, 23, 'inventada'),
(1691, 26, 4, 5, 23, 'inventada'),
(1692, 26, 5, 1, 23, 'inventada'),
(1693, 104, 1, 5, 24, 'inventada'),
(1694, 104, 3, 1, 24, 'inventada'),
(1695, 104, 5, 1, 24, 'inventada'),
(1696, 40, 1, 3, 25, 'inventada'),
(1697, 40, 2, 6, 25, 'inventada'),
(1698, 40, 4, 1, 25, 'inventada'),
(1699, 40, 2, 1, 26, 'inventada'),
(1700, 40, 4, 5, 26, 'inventada'),
(1701, 40, 5, 3, 26, 'inventada'),
(1702, 72, 1, 7, 27, 'inventada'),
(1703, 72, 2, 7, 27, 'inventada'),
(1704, 72, 3, 7, 27, 'inventada'),
(1705, 72, 1, 2, 28, 'inventada'),
(1706, 72, 3, 6, 28, 'inventada'),
(1707, 72, 5, 5, 28, 'inventada'),
(1708, 90, 2, 3, 29, 'inventada'),
(1709, 90, 4, 7, 29, 'inventada'),
(1710, 90, 5, 7, 29, 'inventada'),
(1711, 87, 2, 18, 58, 'inventada'),
(1712, 87, 3, 11, 55, 'inventada'),
(1713, 114, 3, 1, 48, 'inventada'),
(1714, 114, 3, 2, 48, 'inventada'),
(1715, 114, 4, 6, 48, 'inventada'),
(1716, 114, 4, 7, 48, 'inventada'),
(1717, 53, 3, 3, 37, 'inventada'),
(1718, 53, 5, 7, 37, 'inventada'),
(1719, 53, 3, 3, 39, 'inventada'),
(1720, 53, 5, 7, 39, 'inventada'),
(1721, 71, 2, 2, 33, 'inventada'),
(1722, 71, 3, 7, 33, 'inventada'),
(1723, 71, 4, 3, 33, 'inventada'),
(1724, 71, 5, 3, 33, 'inventada'),
(1725, 53, 2, 2, 34, 'inventada'),
(1726, 53, 3, 7, 34, 'inventada'),
(1727, 53, 4, 3, 34, 'inventada'),
(1728, 53, 5, 3, 34, 'inventada'),
(1729, 53, 2, 2, 36, 'inventada'),
(1730, 53, 3, 7, 36, 'inventada'),
(1731, 53, 4, 3, 36, 'inventada'),
(1732, 53, 5, 3, 36, 'inventada'),
(1733, 77, 3, 16, 58, 'inventada'),
(1734, 77, 3, 18, 58, 'inventada'),
(1735, 65, 1, 2, 32, 'inventada'),
(1736, 65, 2, 7, 32, 'inventada'),
(1737, 65, 3, 6, 32, 'inventada'),
(1738, 65, 4, 3, 32, 'inventada'),
(1739, 110, 1, 3, 33, 'inventada'),
(1740, 110, 2, 6, 33, 'inventada'),
(1741, 110, 3, 2, 33, 'inventada'),
(1742, 110, 4, 5, 33, 'inventada'),
(1743, 85, 1, 3, 34, 'inventada'),
(1744, 85, 2, 6, 34, 'inventada'),
(1745, 85, 3, 5, 34, 'inventada'),
(1746, 85, 4, 1, 34, 'inventada'),
(1747, 45, 1, 3, 38, 'inventada'),
(1748, 45, 2, 7, 38, 'inventada'),
(1749, 45, 4, 5, 38, 'inventada'),
(1750, 45, 5, 5, 38, 'inventada'),
(1751, 77, 1, 6, 39, 'inventada'),
(1752, 77, 2, 1, 39, 'inventada'),
(1753, 77, 4, 6, 39, 'inventada'),
(1754, 77, 5, 2, 39, 'inventada'),
(1755, 107, 1, 2, 35, 'inventada'),
(1756, 107, 3, 2, 35, 'inventada'),
(1757, 107, 4, 1, 35, 'inventada'),
(1758, 107, 5, 7, 35, 'inventada'),
(1759, 7, 2, 1, 1, 'inventada'),
(1760, 7, 3, 6, 1, 'inventada'),
(1761, 7, 4, 3, 1, 'inventada'),
(1762, 7, 5, 7, 1, 'inventada'),
(1763, 65, 2, 2, 2, 'inventada'),
(1764, 65, 3, 7, 2, 'inventada'),
(1766, 65, 5, 3, 2, 'inventada'),
(1767, 39, 1, 7, 3, 'inventada'),
(1768, 39, 3, 7, 3, 'inventada'),
(1769, 39, 4, 2, 3, 'inventada'),
(1770, 39, 5, 7, 3, 'inventada'),
(1771, 39, 2, 3, 4, 'inventada'),
(1772, 39, 3, 3, 4, 'inventada'),
(1773, 39, 4, 3, 4, 'inventada'),
(1774, 39, 5, 6, 4, 'inventada'),
(1775, 23, 2, 6, 5, 'inventada'),
(1776, 23, 3, 6, 5, 'inventada'),
(1777, 23, 4, 6, 5, 'inventada'),
(1778, 23, 5, 7, 5, 'inventada'),
(1779, 23, 1, 1, 6, 'inventada'),
(1780, 23, 2, 5, 6, 'inventada'),
(1781, 23, 4, 1, 6, 'inventada'),
(1782, 23, 5, 1, 6, 'inventada'),
(1783, 107, 1, 1, 7, 'inventada'),
(1784, 107, 3, 7, 7, 'inventada'),
(1785, 107, 4, 2, 7, 'inventada'),
(1786, 107, 5, 6, 7, 'inventada'),
(1787, 39, 1, 6, 8, 'inventada'),
(1788, 39, 2, 5, 8, 'inventada'),
(1789, 39, 3, 5, 8, 'inventada'),
(1790, 39, 4, 1, 8, 'inventada'),
(1791, 79, 1, 2, 13, 'inventada'),
(1792, 79, 2, 2, 13, 'inventada'),
(1793, 79, 3, 5, 13, 'inventada'),
(1794, 79, 4, 7, 13, 'inventada'),
(1795, 79, 1, 2, 14, 'inventada'),
(1796, 79, 2, 2, 14, 'inventada'),
(1797, 79, 3, 5, 14, 'inventada'),
(1798, 79, 4, 7, 14, 'inventada'),
(1799, 52, 2, 5, 40, 'inventada'),
(1800, 52, 3, 5, 40, 'inventada'),
(1801, 52, 4, 3, 40, 'inventada'),
(1802, 52, 5, 7, 40, 'inventada'),
(1803, 7, 1, 2, 9, 'inventada'),
(1804, 88, 1, 2, 9, 'inventada'),
(1805, 7, 3, 7, 9, 'inventada'),
(1806, 88, 3, 7, 9, 'inventada'),
(1807, 7, 4, 2, 9, 'inventada'),
(1808, 88, 4, 2, 9, 'inventada'),
(1809, 7, 5, 2, 9, 'inventada'),
(1810, 88, 5, 2, 9, 'inventada'),
(1811, 45, 1, 5, 10, 'inventada'),
(1812, 45, 2, 6, 10, 'inventada'),
(1813, 45, 3, 6, 10, 'inventada'),
(1814, 45, 4, 6, 10, 'inventada'),
(1815, 110, 1, 7, 11, 'inventada'),
(1816, 110, 2, 7, 11, 'inventada'),
(1817, 110, 4, 3, 11, 'inventada'),
(1818, 110, 5, 2, 11, 'inventada'),
(1819, 7, 2, 2, 12, 'inventada'),
(1820, 124, 2, 2, 12, 'inventada'),
(1821, 7, 3, 5, 12, 'inventada'),
(1822, 124, 3, 5, 12, 'inventada'),
(1823, 7, 4, 5, 12, 'inventada'),
(1824, 124, 4, 5, 12, 'inventada'),
(1825, 7, 5, 6, 12, 'inventada'),
(1826, 124, 5, 6, 12, 'inventada'),
(1827, 45, 1, 2, 13, 'inventada'),
(1828, 45, 2, 2, 13, 'inventada'),
(1829, 45, 3, 5, 13, 'inventada'),
(1830, 45, 4, 7, 13, 'inventada'),
(1831, 110, 1, 2, 14, 'inventada'),
(1832, 110, 2, 2, 14, 'inventada'),
(1833, 110, 3, 5, 14, 'inventada'),
(1834, 110, 4, 7, 14, 'inventada'),
(1835, 45, 1, 7, 15, 'inventada'),
(1836, 45, 2, 3, 15, 'inventada'),
(1837, 45, 4, 1, 15, 'inventada'),
(1838, 45, 5, 7, 15, 'inventada'),
(1839, 33, 1, 5, 16, 'inventada'),
(1840, 33, 2, 1, 16, 'inventada'),
(1841, 33, 3, 1, 16, 'inventada'),
(1842, 33, 4, 6, 16, 'inventada'),
(1843, 33, 1, 5, 17, 'inventada'),
(1844, 33, 2, 1, 17, 'inventada'),
(1845, 33, 3, 1, 17, 'inventada'),
(1846, 33, 4, 6, 17, 'inventada'),
(1847, 52, 1, 5, 16, 'inventada'),
(1848, 52, 2, 1, 16, 'inventada'),
(1849, 52, 3, 1, 16, 'inventada'),
(1850, 52, 4, 6, 16, 'inventada'),
(1851, 52, 1, 5, 17, 'inventada'),
(1852, 52, 2, 1, 17, 'inventada'),
(1853, 52, 3, 1, 17, 'inventada'),
(1854, 52, 4, 6, 17, 'inventada'),
(1855, 39, 1, 5, 18, 'inventada'),
(1856, 39, 2, 1, 18, 'inventada'),
(1857, 39, 3, 1, 18, 'inventada'),
(1858, 39, 4, 6, 18, 'inventada'),
(1859, 85, 1, 5, 20, 'inventada'),
(1860, 85, 2, 1, 20, 'inventada'),
(1861, 85, 4, 6, 20, 'inventada'),
(1862, 85, 5, 1, 20, 'inventada'),
(1863, 65, 1, 5, 21, 'inventada'),
(1864, 65, 2, 1, 21, 'inventada'),
(1865, 65, 4, 6, 21, 'inventada'),
(1866, 65, 5, 1, 21, 'inventada'),
(1867, 112, 1, 6, 22, 'inventada'),
(1868, 112, 2, 6, 22, 'inventada'),
(1869, 112, 3, 5, 22, 'inventada'),
(1870, 112, 5, 2, 22, 'inventada'),
(1871, 65, 1, 6, 23, 'inventada'),
(1872, 65, 2, 6, 23, 'inventada'),
(1873, 65, 3, 5, 23, 'inventada'),
(1874, 65, 5, 2, 23, 'inventada'),
(1875, 107, 1, 3, 24, 'inventada'),
(1876, 107, 2, 3, 24, 'inventada'),
(1877, 107, 3, 5, 24, 'inventada'),
(1878, 107, 4, 6, 24, 'inventada'),
(1879, 107, 1, 6, 25, 'inventada'),
(1880, 107, 2, 1, 25, 'inventada'),
(1881, 107, 3, 1, 25, 'inventada'),
(1882, 107, 4, 7, 25, 'inventada'),
(1883, 52, 1, 3, 26, 'inventada'),
(1884, 52, 2, 6, 26, 'inventada'),
(1885, 52, 3, 3, 26, 'inventada'),
(1886, 52, 4, 1, 26, 'inventada'),
(1887, 52, 1, 2, 27, 'inventada'),
(1888, 52, 2, 2, 27, 'inventada'),
(1889, 52, 3, 2, 27, 'inventada'),
(1890, 52, 4, 5, 27, 'inventada'),
(1891, 110, 1, 5, 16, 'inventada'),
(1892, 110, 2, 1, 16, 'inventada'),
(1893, 110, 3, 1, 16, 'inventada'),
(1894, 110, 4, 6, 16, 'inventada'),
(1895, 110, 1, 5, 17, 'inventada'),
(1896, 110, 2, 1, 17, 'inventada'),
(1897, 110, 3, 1, 17, 'inventada'),
(1898, 110, 4, 6, 17, 'inventada'),
(1899, 110, 1, 5, 18, 'inventada'),
(1900, 110, 2, 1, 18, 'inventada'),
(1901, 110, 3, 1, 18, 'inventada'),
(1902, 110, 4, 6, 18, 'inventada'),
(1903, 22, 1, 5, 20, 'inventada'),
(1904, 22, 2, 1, 20, 'inventada'),
(1905, 22, 4, 6, 20, 'inventada'),
(1906, 22, 5, 1, 20, 'inventada'),
(1907, 22, 1, 5, 21, 'inventada'),
(1908, 22, 2, 1, 21, 'inventada'),
(1909, 22, 4, 6, 21, 'inventada'),
(1910, 22, 5, 1, 21, 'inventada'),
(1911, 22, 1, 6, 22, 'inventada'),
(1912, 22, 2, 6, 22, 'inventada'),
(1913, 22, 3, 5, 22, 'inventada'),
(1914, 22, 5, 2, 22, 'inventada'),
(1915, 22, 1, 6, 23, 'inventada'),
(1916, 22, 2, 6, 23, 'inventada'),
(1917, 22, 3, 5, 23, 'inventada'),
(1918, 22, 5, 2, 23, 'inventada'),
(1919, 22, 1, 3, 28, 'inventada'),
(1920, 22, 2, 3, 28, 'inventada'),
(1921, 22, 3, 1, 28, 'inventada'),
(1922, 22, 4, 2, 28, 'inventada'),
(1923, 22, 1, 1, 29, 'inventada'),
(1924, 22, 2, 5, 29, 'inventada'),
(1925, 22, 3, 3, 29, 'inventada'),
(1926, 22, 4, 1, 29, 'inventada'),
(1927, 77, 2, 16, 55, 'inventada'),
(1928, 77, 2, 18, 55, 'inventada'),
(1929, 78, 1, 2, 43, 'inventada'),
(1930, 78, 2, 3, 43, 'inventada'),
(1931, 78, 2, 5, 43, 'inventada'),
(1932, 78, 4, 1, 43, 'inventada'),
(1933, 114, 4, 1, 43, 'inventada'),
(1934, 78, 4, 2, 43, 'inventada'),
(1935, 78, 5, 1, 43, 'inventada'),
(1936, 114, 5, 1, 43, 'inventada'),
(1937, 78, 5, 2, 43, 'inventada'),
(1938, 114, 5, 2, 43, 'inventada'),
(1939, 76, 1, 7, 1, 'inventada'),
(1940, 76, 3, 7, 1, 'inventada'),
(1941, 76, 2, 3, 2, 'inventada'),
(1942, 76, 4, 3, 2, 'inventada'),
(1943, 76, 2, 2, 3, 'inventada'),
(1944, 76, 5, 6, 3, 'inventada'),
(1945, 76, 2, 5, 4, 'inventada'),
(1946, 76, 4, 6, 4, 'inventada'),
(1947, 103, 2, 5, 5, 'inventada'),
(1948, 103, 4, 5, 5, 'inventada'),
(1949, 76, 2, 6, 6, 'inventada'),
(1950, 76, 4, 7, 6, 'inventada'),
(1951, 76, 3, 5, 7, 'inventada'),
(1952, 76, 5, 7, 7, 'inventada'),
(1953, 103, 2, 3, 8, 'inventada'),
(1954, 103, 4, 3, 8, 'inventada'),
(1955, 103, 2, 6, 9, 'inventada'),
(1956, 103, 4, 1, 9, 'inventada'),
(1957, 103, 1, 7, 10, 'inventada'),
(1958, 103, 5, 1, 10, 'inventada'),
(1959, 103, 1, 2, 11, 'inventada'),
(1960, 103, 3, 1, 11, 'inventada'),
(1961, 103, 2, 1, 12, 'inventada'),
(1962, 103, 5, 2, 12, 'inventada'),
(1963, 76, 2, 7, 13, 'inventada'),
(1964, 76, 4, 2, 13, 'inventada'),
(1965, 103, 2, 7, 14, 'inventada'),
(1966, 103, 4, 2, 14, 'inventada'),
(1967, 103, 1, 1, 15, 'inventada'),
(1968, 103, 5, 3, 15, 'inventada'),
(1969, 115, 1, 3, 47, 'inventada'),
(1970, 115, 1, 5, 47, 'inventada'),
(1971, 115, 3, 3, 47, 'inventada'),
(1972, 115, 3, 5, 47, 'inventada'),
(1973, 115, 4, 2, 47, 'inventada'),
(1974, 115, 4, 3, 47, 'inventada'),
(1975, 62, 1, 17, 64, 'inventada'),
(1976, 62, 1, 19, 64, 'inventada'),
(1977, 62, 2, 8, 64, 'inventada'),
(1978, 62, 2, 10, 64, 'inventada'),
(1979, 62, 5, 17, 64, 'inventada'),
(1980, 62, 5, 19, 64, 'inventada'),
(1981, 43, 1, 3, 44, 'inventada'),
(1982, 43, 2, 7, 44, 'inventada'),
(1983, 43, 3, 2, 44, 'inventada'),
(1984, 43, 4, 3, 44, 'inventada'),
(1985, 43, 4, 5, 44, 'inventada'),
(1986, 43, 5, 3, 44, 'inventada'),
(1987, 43, 5, 5, 44, 'inventada'),
(1988, 111, 1, 5, 44, 'inventada'),
(1989, 111, 2, 2, 44, 'inventada'),
(1990, 111, 2, 3, 44, 'inventada'),
(1991, 111, 3, 3, 44, 'inventada'),
(1992, 111, 4, 2, 44, 'inventada'),
(1993, 111, 5, 2, 44, 'inventada'),
(1994, 41, 1, 3, 41, 'inventada'),
(1995, 41, 1, 5, 41, 'inventada'),
(1996, 41, 4, 1, 41, 'inventada'),
(1997, 41, 4, 2, 41, 'inventada'),
(1998, 41, 3, 17, 63, 'inventada'),
(1999, 41, 3, 19, 63, 'inventada'),
(2000, 41, 4, 12, 63, 'inventada'),
(2001, 41, 4, 15, 63, 'inventada'),
(2002, 38, 3, 6, 33, 'inventada'),
(2003, 38, 5, 5, 33, 'inventada'),
(2004, 38, 3, 6, 34, 'inventada'),
(2005, 38, 5, 5, 34, 'inventada'),
(2006, 20, 1, 2, 31, 'inventada'),
(2007, 20, 1, 3, 31, 'inventada'),
(2008, 20, 3, 3, 31, 'inventada'),
(2009, 20, 3, 5, 31, 'inventada'),
(2010, 9, 2, 2, 47, 'inventada'),
(2011, 9, 2, 3, 47, 'inventada'),
(2012, 9, 4, 6, 47, 'inventada'),
(2013, 9, 4, 7, 47, 'inventada'),
(2014, 9, 5, 3, 47, 'inventada'),
(2015, 9, 5, 5, 47, 'inventada'),
(2016, 123, 2, 15, 64, 'inventada'),
(2017, 123, 2, 17, 64, 'inventada'),
(2018, 123, 3, 10, 64, 'inventada'),
(2019, 123, 3, 12, 64, 'inventada'),
(2020, 123, 5, 12, 64, 'inventada'),
(2021, 123, 5, 15, 64, 'inventada'),
(2022, 27, 2, 6, 48, 'inventada'),
(2023, 27, 2, 7, 48, 'inventada'),
(2024, 27, 3, 6, 48, 'inventada'),
(2025, 27, 3, 7, 48, 'inventada'),
(2026, 27, 4, 3, 48, 'inventada'),
(2027, 27, 4, 5, 48, 'inventada'),
(2028, 27, 5, 6, 48, 'inventada'),
(2029, 27, 5, 7, 48, 'inventada'),
(2030, 54, 1, 2, 37, 'inventada'),
(2031, 54, 2, 3, 37, 'inventada'),
(2032, 54, 3, 2, 37, 'inventada'),
(2033, 54, 4, 1, 37, 'inventada'),
(2034, 54, 1, 2, 38, 'inventada'),
(2035, 54, 2, 3, 38, 'inventada'),
(2036, 54, 3, 2, 38, 'inventada'),
(2037, 54, 4, 1, 38, 'inventada'),
(2038, 54, 1, 2, 39, 'inventada'),
(2039, 54, 2, 3, 39, 'inventada'),
(2040, 54, 3, 2, 39, 'inventada'),
(2041, 54, 4, 1, 39, 'inventada'),
(2042, 54, 1, 2, 40, 'inventada'),
(2043, 54, 2, 3, 40, 'inventada'),
(2044, 54, 3, 2, 40, 'inventada'),
(2045, 54, 4, 1, 40, 'inventada'),
(2046, 33, 1, 3, 40, 'inventada'),
(2047, 33, 3, 3, 40, 'inventada'),
(2048, 33, 4, 5, 40, 'inventada'),
(2049, 33, 5, 6, 40, 'inventada'),
(2050, 9, 2, 7, 47, 'inventada'),
(2051, 9, 3, 6, 47, 'inventada'),
(2052, 9, 3, 7, 47, 'inventada'),
(2053, 17, 3, 19, 64, 'inventada'),
(2054, 17, 4, 17, 64, 'inventada'),
(2055, 17, 4, 19, 64, 'inventada'),
(2056, 44, 1, 3, 43, 'inventada'),
(2057, 44, 1, 5, 43, 'inventada'),
(2058, 44, 3, 3, 43, 'inventada'),
(2059, 44, 3, 5, 43, 'inventada'),
(2060, 44, 4, 3, 43, 'inventada'),
(2061, 64, 4, 3, 43, 'inventada'),
(2062, 44, 4, 5, 43, 'inventada'),
(2063, 80, 4, 5, 43, 'inventada'),
(2064, 44, 5, 3, 43, 'inventada'),
(2065, 80, 5, 3, 43, 'inventada'),
(2066, 86, 2, 6, 28, 'inventada'),
(2067, 53, 3, 5, 28, 'inventada'),
(2068, 107, 4, 5, 28, 'inventada'),
(2069, 86, 2, 6, 29, 'inventada'),
(2070, 53, 3, 5, 29, 'inventada'),
(2071, 107, 4, 5, 29, 'inventada'),
(2072, 72, 1, 3, 1, 'inventada'),
(2073, 71, 1, 3, 2, 'inventada'),
(2074, 71, 1, 3, 3, 'inventada'),
(2075, 72, 1, 3, 4, 'inventada'),
(2076, 104, 3, 3, 5, 'inventada'),
(2077, 104, 3, 3, 6, 'inventada'),
(2078, 104, 3, 3, 7, 'inventada'),
(2079, 104, 3, 3, 8, 'inventada'),
(2080, 7, 1, 3, 1, 'inventada'),
(2081, 65, 1, 3, 2, 'inventada'),
(2082, 65, 1, 3, 3, 'inventada'),
(2083, 7, 1, 3, 4, 'inventada'),
(2084, 65, 3, 3, 5, 'inventada'),
(2085, 65, 3, 3, 6, 'inventada'),
(2086, 107, 3, 3, 7, 'inventada'),
(2087, 107, 3, 3, 8, 'inventada'),
(2088, 42, 2, 6, 32, 'inventada'),
(2089, 84, 5, 2, 33, 'inventada'),
(2090, 84, 5, 2, 34, 'inventada'),
(2091, 42, 2, 3, 35, 'inventada'),
(2092, 42, 2, 6, 36, 'inventada'),
(2093, 84, 1, 7, 37, 'inventada'),
(2094, 42, 4, 3, 38, 'inventada'),
(2095, 84, 1, 7, 39, 'inventada'),
(2096, 42, 1, 7, 40, 'inventada'),
(2097, 42, 2, 5, 1, 'inventada'),
(2098, 84, 2, 5, 2, 'inventada'),
(2099, 84, 2, 5, 3, 'inventada'),
(2100, 42, 1, 6, 4, 'inventada'),
(2101, 42, 1, 6, 5, 'inventada'),
(2102, 42, 2, 2, 6, 'inventada'),
(2103, 84, 2, 6, 7, 'inventada'),
(2104, 84, 2, 6, 8, 'inventada'),
(2105, 42, 1, 3, 9, 'inventada'),
(2106, 84, 2, 7, 10, 'inventada'),
(2107, 84, 1, 3, 11, 'inventada'),
(2108, 84, 1, 3, 12, 'inventada'),
(2109, 42, 2, 1, 13, 'inventada'),
(2110, 84, 2, 1, 15, 'inventada'),
(2111, 42, 1, 2, 16, 'inventada'),
(2112, 42, 3, 3, 17, 'inventada'),
(2113, 42, 5, 7, 18, 'inventada'),
(2114, 42, 3, 1, 20, 'inventada'),
(2115, 42, 3, 3, 21, 'inventada'),
(2116, 42, 1, 2, 22, 'inventada'),
(2117, 84, 5, 7, 23, 'inventada'),
(2118, 84, 5, 5, 24, 'inventada'),
(2119, 42, 5, 5, 25, 'inventada'),
(2120, 42, 1, 5, 26, 'inventada'),
(2121, 84, 1, 5, 27, 'inventada'),
(2122, 42, 5, 6, 28, 'inventada'),
(2123, 84, 5, 6, 29, 'inventada'),
(2124, 83, 1, 2, 16, 'inventada'),
(2125, 83, 1, 2, 22, 'inventada'),
(2126, 83, 1, 7, 37, 'inventada'),
(2127, 83, 1, 6, 4, 'inventada'),
(2128, 83, 1, 3, 12, 'inventada'),
(2129, 83, 1, 3, 14, 'inventada'),
(2130, 83, 1, 5, 26, 'inventada'),
(2131, 83, 1, 5, 27, 'inventada'),
(2132, 105, 1, 1, 43, 'inventada'),
(2133, 105, 2, 1, 43, 'inventada'),
(2134, 105, 2, 2, 43, 'inventada'),
(2135, 105, 3, 1, 43, 'inventada'),
(2136, 105, 3, 2, 43, 'inventada'),
(2137, 92, 1, 5, 46, 'inventada'),
(2138, 92, 1, 6, 46, 'inventada'),
(2139, 92, 2, 2, 46, 'inventada'),
(2140, 92, 5, 1, 46, 'inventada'),
(2141, 92, 5, 2, 46, 'inventada'),
(2142, 64, 1, 7, 46, 'inventada'),
(2143, 64, 2, 6, 46, 'inventada'),
(2144, 64, 2, 7, 46, 'inventada'),
(2145, 64, 3, 1, 46, 'inventada'),
(2146, 64, 3, 2, 46, 'inventada'),
(2147, 64, 4, 1, 46, 'inventada'),
(2148, 64, 4, 2, 46, 'inventada'),
(2149, 59, 1, 6, 49, 'inventada'),
(2150, 59, 1, 7, 49, 'inventada'),
(2151, 59, 3, 3, 49, 'inventada'),
(2152, 59, 3, 5, 49, 'inventada'),
(2153, 59, 5, 3, 49, 'inventada'),
(2154, 59, 5, 5, 49, 'inventada'),
(2155, 17, 2, 17, 65, 'inventada'),
(2156, 17, 2, 19, 65, 'inventada'),
(2157, 17, 3, 10, 65, 'inventada'),
(2158, 17, 3, 12, 65, 'inventada'),
(2159, 17, 5, 17, 65, 'inventada'),
(2160, 17, 5, 19, 65, 'inventada'),
(2161, 80, 1, 6, 48, 'inventada'),
(2162, 80, 1, 7, 48, 'inventada'),
(2163, 80, 2, 3, 48, 'inventada'),
(2164, 80, 2, 5, 48, 'inventada'),
(2165, 80, 5, 1, 48, 'inventada'),
(2166, 80, 5, 2, 48, 'inventada'),
(2167, 105, 1, 2, 46, 'inventada'),
(2168, 105, 1, 3, 46, 'inventada'),
(2169, 105, 3, 3, 46, 'inventada'),
(2170, 105, 3, 5, 46, 'inventada'),
(2171, 105, 4, 3, 46, 'inventada'),
(2172, 105, 4, 5, 46, 'inventada'),
(2173, 105, 5, 5, 46, 'inventada'),
(2174, 50, 1, 6, 13, 'inventada'),
(2175, 50, 3, 6, 13, 'inventada'),
(2176, 50, 1, 6, 14, 'inventada'),
(2177, 50, 3, 6, 14, 'inventada'),
(2178, 50, 1, 6, 15, 'inventada'),
(2179, 50, 3, 6, 15, 'inventada'),
(2180, 53, 2, 5, 16, 'inventada'),
(2181, 53, 5, 5, 16, 'inventada'),
(2182, 53, 2, 5, 17, 'inventada'),
(2183, 53, 5, 5, 17, 'inventada'),
(2184, 53, 2, 5, 18, 'inventada'),
(2185, 53, 5, 5, 18, 'inventada'),
(2186, 53, 2, 5, 20, 'inventada'),
(2187, 53, 5, 5, 20, 'inventada'),
(2188, 53, 2, 5, 21, 'inventada'),
(2189, 53, 5, 5, 21, 'inventada'),
(2190, 53, 2, 5, 22, 'inventada'),
(2191, 53, 5, 5, 22, 'inventada'),
(2192, 53, 2, 5, 23, 'inventada'),
(2193, 53, 5, 5, 23, 'inventada'),
(2194, 19, 1, 5, 30, 'inventada'),
(2195, 19, 1, 6, 30, 'inventada'),
(2196, 19, 2, 2, 30, 'inventada'),
(2197, 19, 2, 3, 30, 'inventada'),
(2198, 19, 3, 2, 30, 'inventada'),
(2199, 19, 4, 3, 30, 'inventada'),
(2200, 19, 5, 2, 30, 'inventada'),
(2201, 80, 3, 13, 58, 'inventada'),
(2202, 9, 2, 1, 41, 'inventada'),
(2203, 9, 5, 1, 41, 'inventada'),
(2204, 9, 5, 2, 41, 'inventada'),
(2205, 17, 1, 17, 63, 'inventada'),
(2206, 17, 1, 19, 63, 'inventada'),
(2207, 17, 5, 15, 63, 'inventada'),
(2208, 81, 1, 2, 37, 'inventada'),
(2209, 81, 2, 3, 37, 'inventada'),
(2210, 81, 3, 2, 37, 'inventada'),
(2211, 81, 4, 1, 37, 'inventada'),
(2212, 44, 3, 6, 24, 'inventada'),
(2213, 44, 4, 2, 24, 'inventada'),
(2214, 44, 5, 6, 24, 'inventada'),
(2215, 44, 3, 6, 25, 'inventada'),
(2216, 44, 4, 2, 25, 'inventada'),
(2217, 44, 5, 6, 25, 'inventada'),
(2218, 92, 3, 6, 26, 'inventada'),
(2219, 92, 4, 2, 26, 'inventada'),
(2220, 92, 5, 6, 26, 'inventada'),
(2221, 44, 3, 6, 27, 'inventada'),
(2222, 44, 4, 2, 27, 'inventada'),
(2223, 44, 5, 6, 27, 'inventada'),
(2224, 92, 2, 6, 28, 'inventada'),
(2225, 92, 3, 5, 28, 'inventada'),
(2226, 92, 4, 5, 28, 'inventada'),
(2227, 92, 2, 6, 29, 'inventada'),
(2228, 92, 3, 5, 29, 'inventada'),
(2229, 92, 4, 5, 29, 'inventada'),
(2230, 80, 3, 16, 55, 'inventada'),
(2231, 80, 3, 18, 55, 'inventada'),
(2232, 44, 3, 7, 32, 'inventada'),
(2233, 115, 3, 7, 32, 'inventada'),
(2234, 44, 5, 2, 32, 'inventada'),
(2235, 115, 5, 2, 32, 'inventada'),
(2236, 44, 2, 5, 33, 'inventada'),
(2237, 115, 2, 5, 33, 'inventada'),
(2238, 44, 5, 7, 33, 'inventada'),
(2239, 115, 5, 7, 33, 'inventada'),
(2240, 80, 2, 7, 34, 'inventada'),
(2241, 44, 2, 7, 34, 'inventada'),
(2242, 80, 4, 6, 34, 'inventada'),
(2243, 44, 4, 6, 34, 'inventada'),
(2244, 80, 2, 2, 35, 'inventada'),
(2245, 44, 2, 2, 35, 'inventada'),
(2246, 80, 4, 7, 35, 'inventada'),
(2247, 44, 4, 7, 35, 'inventada'),
(2248, 92, 1, 2, 37, 'inventada'),
(2249, 92, 2, 3, 37, 'inventada'),
(2250, 92, 3, 2, 37, 'inventada'),
(2251, 92, 4, 1, 37, 'inventada'),
(2252, 92, 1, 2, 38, 'inventada'),
(2253, 92, 2, 3, 38, 'inventada'),
(2254, 92, 3, 2, 38, 'inventada'),
(2255, 92, 4, 1, 38, 'inventada'),
(2256, 92, 1, 2, 39, 'inventada'),
(2257, 92, 2, 3, 39, 'inventada'),
(2258, 92, 3, 2, 39, 'inventada'),
(2259, 92, 4, 1, 39, 'inventada'),
(2260, 92, 1, 2, 40, 'inventada'),
(2261, 92, 2, 3, 40, 'inventada'),
(2262, 92, 3, 2, 40, 'inventada'),
(2263, 92, 4, 1, 40, 'inventada'),
(2264, 93, 1, 5, 13, 'inventada'),
(2265, 93, 2, 6, 13, 'inventada'),
(2266, 93, 5, 2, 13, 'inventada'),
(2267, 93, 1, 5, 14, 'inventada'),
(2268, 93, 2, 6, 14, 'inventada'),
(2269, 93, 5, 2, 14, 'inventada'),
(2270, 93, 1, 1, 9, 'inventada'),
(2271, 93, 2, 1, 9, 'inventada'),
(2272, 93, 4, 6, 9, 'inventada'),
(2273, 93, 1, 6, 10, 'inventada'),
(2274, 93, 3, 2, 10, 'inventada'),
(2275, 93, 4, 3, 10, 'inventada'),
(2276, 93, 2, 5, 11, 'inventada'),
(2277, 93, 4, 2, 11, 'inventada'),
(2278, 93, 5, 1, 11, 'inventada'),
(2279, 109, 1, 7, 12, 'inventada'),
(2280, 109, 3, 7, 12, 'inventada'),
(2281, 109, 5, 7, 12, 'inventada'),
(2282, 109, 1, 5, 13, 'inventada'),
(2283, 109, 2, 6, 13, 'inventada'),
(2284, 109, 5, 2, 13, 'inventada'),
(2285, 55, 1, 5, 14, 'inventada'),
(2286, 55, 2, 6, 14, 'inventada'),
(2287, 55, 5, 2, 14, 'inventada'),
(2288, 93, 1, 2, 15, 'inventada'),
(2289, 93, 2, 2, 15, 'inventada'),
(2290, 93, 5, 5, 15, 'inventada'),
(2291, 55, 2, 3, 16, 'inventada'),
(2292, 55, 4, 5, 16, 'inventada'),
(2293, 55, 5, 6, 16, 'inventada'),
(2294, 109, 2, 3, 17, 'inventada'),
(2295, 109, 4, 5, 17, 'inventada'),
(2296, 109, 5, 6, 17, 'inventada'),
(2297, 109, 2, 7, 18, 'inventada'),
(2298, 109, 3, 3, 18, 'inventada'),
(2299, 109, 4, 7, 18, 'inventada'),
(2300, 55, 1, 2, 20, 'inventada'),
(2301, 55, 3, 3, 20, 'inventada'),
(2302, 55, 4, 3, 20, 'inventada'),
(2303, 49, 1, 1, 21, 'inventada'),
(2304, 49, 3, 1, 21, 'inventada'),
(2305, 49, 5, 7, 21, 'inventada'),
(2306, 49, 2, 1, 22, 'inventada'),
(2307, 49, 4, 3, 22, 'inventada'),
(2308, 49, 5, 1, 22, 'inventada'),
(2309, 49, 2, 2, 23, 'inventada'),
(2310, 49, 4, 7, 23, 'inventada'),
(2311, 49, 5, 3, 23, 'inventada'),
(2312, 93, 2, 3, 16, 'inventada'),
(2313, 93, 4, 5, 16, 'inventada'),
(2314, 93, 5, 6, 16, 'inventada'),
(2315, 93, 2, 3, 17, 'inventada'),
(2316, 93, 4, 5, 17, 'inventada'),
(2317, 93, 5, 6, 17, 'inventada'),
(2318, 55, 1, 3, 29, 'inventada'),
(2319, 55, 3, 2, 29, 'inventada'),
(2320, 55, 5, 5, 29, 'inventada'),
(2321, 55, 3, 1, 5, 'inventada'),
(2322, 55, 5, 3, 5, 'inventada'),
(2323, 55, 3, 1, 6, 'inventada'),
(2324, 55, 5, 3, 6, 'inventada'),
(2325, 113, 3, 6, 35, 'inventada'),
(2326, 113, 5, 6, 35, 'inventada'),
(2327, 49, 1, 2, 40, 'inventada'),
(2328, 49, 2, 3, 40, 'inventada'),
(2329, 49, 3, 2, 40, 'inventada'),
(2330, 49, 4, 1, 40, 'inventada'),
(2331, 111, 1, 3, 30, 'inventada'),
(2332, 111, 2, 6, 30, 'inventada'),
(2333, 111, 3, 5, 30, 'inventada'),
(2334, 111, 3, 6, 30, 'inventada'),
(2335, 111, 4, 1, 30, 'inventada'),
(2336, 111, 5, 3, 30, 'inventada'),
(2337, 111, 5, 5, 30, 'inventada'),
(2338, 98, 1, 1, 44, 'inventada'),
(2339, 98, 1, 2, 44, 'inventada'),
(2340, 98, 2, 5, 44, 'inventada'),
(2341, 98, 2, 6, 44, 'inventada'),
(2342, 98, 3, 5, 44, 'inventada'),
(2343, 98, 5, 1, 44, 'inventada'),
(2344, 20, 1, 6, 41, 'inventada'),
(2345, 20, 1, 7, 41, 'inventada'),
(2346, 20, 2, 5, 41, 'inventada'),
(2347, 20, 2, 6, 41, 'inventada'),
(2348, 20, 3, 6, 41, 'inventada'),
(2349, 20, 3, 7, 41, 'inventada'),
(2350, 20, 4, 5, 41, 'inventada'),
(2351, 62, 1, 12, 63, 'inventada'),
(2352, 62, 1, 15, 63, 'inventada'),
(2353, 62, 3, 8, 63, 'inventada'),
(2354, 62, 4, 8, 63, 'inventada'),
(2355, 62, 4, 10, 63, 'inventada'),
(2356, 62, 5, 8, 63, 'inventada'),
(2357, 62, 5, 10, 63, 'inventada'),
(2358, 7, 4, 7, 1, 'inventada'),
(2359, 106, 3, 3, 2, 'inventada'),
(2360, 66, 4, 5, 3, 'inventada'),
(2361, 13, 4, 7, 4, 'inventada'),
(2362, 53, 1, 1, 5, 'inventada'),
(2363, 46, 5, 5, 6, 'inventada'),
(2364, 100, 1, 3, 7, 'inventada'),
(2365, 39, 2, 2, 8, 'inventada'),
(2366, 75, 2, 7, 9, 'inventada'),
(2367, 71, 3, 1, 10, 'inventada'),
(2368, 110, 3, 7, 11, 'inventada'),
(2369, 3, 3, 3, 12, 'inventada'),
(2370, 29, 4, 6, 13, 'inventada'),
(2371, 10, 4, 6, 14, 'inventada'),
(2372, 45, 4, 2, 15, 'inventada'),
(2373, 20, 5, 7, 31, 'inventada'),
(2374, 5, 1, 3, 16, 'inventada'),
(2375, 36, 1, 2, 17, 'inventada'),
(2376, 21, 1, 6, 18, 'inventada'),
(2377, 104, 4, 1, 20, 'inventada'),
(2378, 94, 4, 5, 21, 'inventada'),
(2379, 95, 3, 2, 22, 'inventada'),
(2380, 26, 3, 1, 23, 'inventada'),
(2381, 70, 5, 1, 16, 'inventada'),
(2382, 70, 5, 1, 17, 'inventada'),
(2383, 119, 4, 7, 24, 'inventada'),
(2384, 99, 1, 5, 25, 'inventada'),
(2385, 40, 5, 1, 26, 'inventada'),
(2386, 30, 5, 2, 27, 'inventada'),
(2387, 16, 5, 3, 28, 'inventada'),
(2388, 102, 1, 6, 29, 'inventada'),
(2389, 19, 4, 7, 30, 'inventada'),
(2390, 56, 2, 7, 13, 'inventada'),
(2391, 56, 2, 7, 14, 'inventada'),
(2392, 20, 4, 2, 31, 'inventada'),
(2393, 108, 2, 5, 1, 'inventada'),
(2394, 88, 2, 5, 2, 'inventada'),
(2395, 108, 2, 5, 3, 'inventada'),
(2396, 119, 1, 6, 4, 'inventada'),
(2397, 119, 1, 6, 5, 'inventada'),
(2398, 54, 2, 2, 6, 'inventada'),
(2399, 95, 2, 6, 7, 'inventada'),
(2400, 88, 2, 6, 8, 'inventada'),
(2401, 75, 1, 3, 9, 'inventada'),
(2402, 75, 1, 3, 11, 'inventada'),
(2403, 30, 1, 3, 12, 'inventada'),
(2404, 75, 2, 1, 13, 'inventada'),
(2405, 88, 1, 3, 14, 'inventada'),
(2406, 117, 1, 3, 14, 'inventada'),
(2407, 75, 2, 1, 15, 'inventada'),
(2408, 30, 1, 2, 16, 'inventada'),
(2409, 31, 3, 3, 17, 'inventada'),
(2410, 30, 5, 7, 18, 'inventada'),
(2411, 31, 3, 3, 21, 'inventada'),
(2412, 30, 1, 2, 22, 'inventada'),
(2413, 30, 5, 7, 23, 'inventada'),
(2414, 67, 5, 5, 24, 'inventada'),
(2415, 67, 5, 5, 25, 'inventada'),
(2416, 67, 1, 5, 26, 'inventada'),
(2417, 67, 1, 5, 27, 'inventada'),
(2418, 67, 5, 6, 28, 'inventada'),
(2419, 67, 5, 6, 29, 'inventada'),
(2420, 29, 3, 1, 36, 'inventada'),
(2421, 29, 3, 2, 36, 'inventada'),
(2503, 22, 3, 6, 51, 'inventada'),
(2504, 22, 4, 7, 51, 'inventada'),
(2505, 124, 3, 4, 71, 'inventada'),
(2515, 44, 1, 7, 51, 'inventada');

-- --------------------------------------------------------

--
-- Estructura de tabla para la tabla `usuarios`
--

CREATE TABLE `usuarios` (
  `id_usuario` int(11) NOT NULL,
  `nombre` varchar(50) COLLATE utf8_spanish2_ci NOT NULL,
  `usuario` varchar(20) COLLATE utf8_spanish2_ci NOT NULL,
  `clave` varchar(50) COLLATE utf8_spanish2_ci NOT NULL,
  `email` varchar(50) COLLATE utf8_spanish2_ci DEFAULT NULL,
  `tipo` enum('admin','normal') COLLATE utf8_spanish2_ci NOT NULL DEFAULT 'normal'
) ENGINE=InnoDB DEFAULT CHARSET=utf8 COLLATE=utf8_spanish2_ci;

--
-- Volcado de datos para la tabla `usuarios`
--

INSERT INTO `usuarios` (`id_usuario`, `nombre`, `usuario`, `clave`, `email`, `tipo`) VALUES
(1, 'Apellido1 Apellido2, NOMBRE1', 'profesor1', 'e10adc3949ba59abbe56e057f20f883e', NULL, 'normal'),
(2, 'Apellido1 Apellido2, NOMBRE2', 'profesor2', 'e10adc3949ba59abbe56e057f20f883e', NULL, 'normal'),
(3, 'Apellido1 Apellido2, NOMBRE3', 'profesor3', 'e10adc3949ba59abbe56e057f20f883e', NULL, 'normal'),
(4, 'Apellido1 Apellido2, NOMBRE4', 'profesor4', 'e10adc3949ba59abbe56e057f20f883e', NULL, 'normal'),
(5, 'Apellido1 Apellido2, NOMBRE5', 'profesor5', 'e10adc3949ba59abbe56e057f20f883e', NULL, 'normal'),
(6, 'Apellido1 Apellido2, NOMBRE6', 'profesor6', 'e10adc3949ba59abbe56e057f20f883e', NULL, 'normal'),
(7, 'Apellido1 Apellido2, NOMBRE7', 'profesor7', 'e10adc3949ba59abbe56e057f20f883e', NULL, 'normal'),
(8, 'Apellido1 Apellido2, NOMBRE8', 'profesor8', 'e10adc3949ba59abbe56e057f20f883e', NULL, 'normal'),
(9, 'Apellido1 Apellido2, NOMBRE9', 'profesor9', 'e10adc3949ba59abbe56e057f20f883e', NULL, 'normal'),
(10, 'Apellido1 Apellido2, NOMBRE10', 'profesor10', 'e10adc3949ba59abbe56e057f20f883e', NULL, 'normal'),
(11, 'Apellido1 Apellido2, NOMBRE11', 'profesor11', 'e10adc3949ba59abbe56e057f20f883e', NULL, 'normal'),
(12, 'Apellido1 Apellido2, NOMBRE12', 'profesor12', 'e10adc3949ba59abbe56e057f20f883e', NULL, 'normal'),
(13, 'Apellido1 Apellido2, NOMBRE13', 'profesor13', 'e10adc3949ba59abbe56e057f20f883e', NULL, 'normal'),
(14, 'Apellido1 Apellido2, NOMBRE14', 'profesor14', 'e10adc3949ba59abbe56e057f20f883e', NULL, 'normal'),
(15, 'Apellido1 Apellido2, NOMBRE15', 'profesor15', 'e10adc3949ba59abbe56e057f20f883e', NULL, 'normal'),
(16, 'Apellido1 Apellido2, NOMBRE16', 'profesor16', 'e10adc3949ba59abbe56e057f20f883e', NULL, 'normal'),
(17, 'Apellido1 Apellido2, NOMBRE17', 'profesor17', 'e10adc3949ba59abbe56e057f20f883e', NULL, 'normal'),
(18, 'Apellido1 Apellido2, NOMBRE18', 'profesor18', 'e10adc3949ba59abbe56e057f20f883e', NULL, 'normal'),
(19, 'Apellido1 Apellido2, NOMBRE19', 'profesor19', 'e10adc3949ba59abbe56e057f20f883e', NULL, 'normal'),
(20, 'Apellido1 Apellido2, NOMBRE20', 'profesor20', 'e10adc3949ba59abbe56e057f20f883e', NULL, 'normal'),
(21, 'Apellido1 Apellido2, NOMBRE21', 'profesor21', 'e10adc3949ba59abbe56e057f20f883e', NULL, 'normal'),
(22, 'Apellido1 Apellido2, NOMBRE22', 'profesor22', 'e10adc3949ba59abbe56e057f20f883e', NULL, 'normal'),
(23, 'Apellido1 Apellido2, NOMBRE23', 'profesor23', 'e10adc3949ba59abbe56e057f20f883e', NULL, 'normal'),
(24, 'Apellido1 Apellido2, NOMBRE24', 'profesor24', 'e10adc3949ba59abbe56e057f20f883e', NULL, 'normal'),
(25, 'Apellido1 Apellido2, NOMBRE25', 'profesor25', 'e10adc3949ba59abbe56e057f20f883e', NULL, 'normal'),
(26, 'Apellido1 Apellido2, NOMBRE26', 'profesor26', 'e10adc3949ba59abbe56e057f20f883e', NULL, 'normal'),
(27, 'Apellido1 Apellido2, NOMBRE27', 'profesor27', 'e10adc3949ba59abbe56e057f20f883e', NULL, 'normal'),
(28, 'Apellido1 Apellido2, NOMBRE28', 'profesor28', 'e10adc3949ba59abbe56e057f20f883e', NULL, 'normal'),
(29, 'Apellido1 Apellido2, NOMBRE29', 'profesor29', 'e10adc3949ba59abbe56e057f20f883e', NULL, 'normal'),
(30, 'Apellido1 Apellido2, NOMBRE30', 'profesor30', 'e10adc3949ba59abbe56e057f20f883e', NULL, 'normal'),
(31, 'Apellido1 Apellido2, NOMBRE31', 'profesor31', 'e10adc3949ba59abbe56e057f20f883e', NULL, 'normal'),
(32, 'Apellido1 Apellido2, NOMBRE32', 'profesor32', 'e10adc3949ba59abbe56e057f20f883e', NULL, 'normal'),
(33, 'Apellido1 Apellido2, NOMBRE33', 'profesor33', 'e10adc3949ba59abbe56e057f20f883e', NULL, 'normal'),
(34, 'Apellido1 Apellido2, NOMBRE34', 'profesor34', 'e10adc3949ba59abbe56e057f20f883e', NULL, 'normal'),
(35, 'Apellido1 Apellido2, NOMBRE35', 'profesor35', 'e10adc3949ba59abbe56e057f20f883e', NULL, 'normal'),
(36, 'Apellido1 Apellido2, NOMBRE36', 'profesor36', 'e10adc3949ba59abbe56e057f20f883e', NULL, 'normal'),
(37, 'Apellido1 Apellido2, NOMBRE37', 'profesor37', 'e10adc3949ba59abbe56e057f20f883e', NULL, 'normal'),
(38, 'Apellido1 Apellido2, NOMBRE38', 'profesor38', 'e10adc3949ba59abbe56e057f20f883e', NULL, 'normal'),
(39, 'Apellido1 Apellido2, NOMBRE39', 'profesor39', 'e10adc3949ba59abbe56e057f20f883e', NULL, 'normal'),
(40, 'Apellido1 Apellido2, NOMBRE40', 'profesor40', 'e10adc3949ba59abbe56e057f20f883e', NULL, 'normal'),
(41, 'Apellido1 Apellido2, NOMBRE41', 'profesor41', 'e10adc3949ba59abbe56e057f20f883e', NULL, 'normal'),
(42, 'Apellido1 Apellido2, NOMBRE42', 'profesor42', 'e10adc3949ba59abbe56e057f20f883e', NULL, 'normal'),
(43, 'Apellido1 Apellido2, NOMBRE43', 'profesor43', 'e10adc3949ba59abbe56e057f20f883e', NULL, 'normal'),
(44, 'Apellido1 Apellido2, NOMBRE44', 'profesor44', 'e10adc3949ba59abbe56e057f20f883e', NULL, 'normal'),
(45, 'Apellido1 Apellido2, NOMBRE45', 'profesor45', 'e10adc3949ba59abbe56e057f20f883e', NULL, 'normal'),
(46, 'Apellido1 Apellido2, NOMBRE46', 'profesor46', 'e10adc3949ba59abbe56e057f20f883e', NULL, 'normal'),
(47, 'Apellido1 Apellido2, NOMBRE47', 'profesor47', 'e10adc3949ba59abbe56e057f20f883e', NULL, 'normal'),
(48, 'Apellido1 Apellido2, NOMBRE48', 'profesor48', 'e10adc3949ba59abbe56e057f20f883e', NULL, 'normal'),
(49, 'Apellido1 Apellido2, NOMBRE49', 'profesor49', 'e10adc3949ba59abbe56e057f20f883e', NULL, 'normal'),
(50, 'Apellido1 Apellido2, NOMBRE50', 'profesor50', 'e10adc3949ba59abbe56e057f20f883e', NULL, 'normal'),
(51, 'Apellido1 Apellido2, NOMBRE51', 'profesor51', 'e10adc3949ba59abbe56e057f20f883e', NULL, 'normal'),
(52, 'Apellido1 Apellido2, NOMBRE52', 'profesor52', 'e10adc3949ba59abbe56e057f20f883e', NULL, 'normal'),
(53, 'Apellido1 Apellido2, NOMBRE53', 'profesor53', 'e10adc3949ba59abbe56e057f20f883e', NULL, 'normal'),
(54, 'Apellido1 Apellido2, NOMBRE54', 'profesor54', 'e10adc3949ba59abbe56e057f20f883e', NULL, 'normal'),
(55, 'Apellido1 Apellido2, NOMBRE55', 'profesor55', 'e10adc3949ba59abbe56e057f20f883e', NULL, 'normal'),
(56, 'Apellido1 Apellido2, NOMBRE56', 'profesor56', 'e10adc3949ba59abbe56e057f20f883e', NULL, 'normal'),
(57, 'Apellido1 Apellido2, NOMBRE57', 'profesor57', 'e10adc3949ba59abbe56e057f20f883e', NULL, 'normal'),
(58, 'Apellido1 Apellido2, NOMBRE58', 'profesor58', 'e10adc3949ba59abbe56e057f20f883e', NULL, 'normal'),
(59, 'Apellido1 Apellido2, NOMBRE59', 'profesor59', 'e10adc3949ba59abbe56e057f20f883e', NULL, 'normal'),
(60, 'Apellido1 Apellido2, NOMBRE60', 'profesor60', 'e10adc3949ba59abbe56e057f20f883e', NULL, 'normal'),
(61, 'Apellido1 Apellido2, NOMBRE61', 'profesor61', 'e10adc3949ba59abbe56e057f20f883e', NULL, 'normal'),
(62, 'Apellido1 Apellido2, NOMBRE62', 'profesor62', 'e10adc3949ba59abbe56e057f20f883e', NULL, 'normal'),
(63, 'Apellido1 Apellido2, NOMBRE63', 'profesor63', 'e10adc3949ba59abbe56e057f20f883e', NULL, 'normal'),
(64, 'Apellido1 Apellido2, NOMBRE64', 'profesor64', 'e10adc3949ba59abbe56e057f20f883e', NULL, 'normal'),
(65, 'Apellido1 Apellido2, NOMBRE65', 'profesor65', 'e10adc3949ba59abbe56e057f20f883e', NULL, 'normal'),
(66, 'Apellido1 Apellido2, NOMBRE66', 'profesor66', 'e10adc3949ba59abbe56e057f20f883e', NULL, 'normal'),
(67, 'Apellido1 Apellido2, NOMBRE67', 'profesor67', 'e10adc3949ba59abbe56e057f20f883e', NULL, 'normal'),
(68, 'Apellido1 Apellido2, NOMBRE68', 'profesor68', 'e10adc3949ba59abbe56e057f20f883e', NULL, 'normal'),
(69, 'Apellido1 Apellido2, NOMBRE69', 'profesor69', 'e10adc3949ba59abbe56e057f20f883e', NULL, 'normal'),
(70, 'Apellido1 Apellido2, NOMBRE70', 'profesor70', 'e10adc3949ba59abbe56e057f20f883e', NULL, 'normal'),
(71, 'Apellido1 Apellido2, NOMBRE71', 'profesor71', 'e10adc3949ba59abbe56e057f20f883e', NULL, 'normal'),
(72, 'Apellido1 Apellido2, NOMBRE72', 'profesor72', 'e10adc3949ba59abbe56e057f20f883e', NULL, 'normal'),
(73, 'Apellido1 Apellido2, NOMBRE73', 'profesor73', 'e10adc3949ba59abbe56e057f20f883e', NULL, 'normal'),
(74, 'Apellido1 Apellido2, NOMBRE74', 'profesor74', 'e10adc3949ba59abbe56e057f20f883e', NULL, 'normal'),
(75, 'Apellido1 Apellido2, NOMBRE75', 'profesor75', 'e10adc3949ba59abbe56e057f20f883e', NULL, 'normal'),
(76, 'Apellido1 Apellido2, NOMBRE76', 'profesor76', 'e10adc3949ba59abbe56e057f20f883e', NULL, 'normal'),
(77, 'Apellido1 Apellido2, NOMBRE77', 'profesor77', 'e10adc3949ba59abbe56e057f20f883e', NULL, 'normal'),
(78, 'Apellido1 Apellido2, NOMBRE78', 'profesor78', 'e10adc3949ba59abbe56e057f20f883e', NULL, 'normal'),
(79, 'Apellido1 Apellido2, NOMBRE79', 'profesor79', 'e10adc3949ba59abbe56e057f20f883e', NULL, 'normal'),
(80, 'Apellido1 Apellido2, NOMBRE80', 'profesor80', 'e10adc3949ba59abbe56e057f20f883e', NULL, 'normal'),
(81, 'Apellido1 Apellido2, NOMBRE81', 'profesor81', 'e10adc3949ba59abbe56e057f20f883e', NULL, 'normal'),
(82, 'Apellido1 Apellido2, NOMBRE82', 'profesor82', 'e10adc3949ba59abbe56e057f20f883e', NULL, 'normal'),
(83, 'Apellido1 Apellido2, NOMBRE83', 'profesor83', 'e10adc3949ba59abbe56e057f20f883e', NULL, 'normal'),
(84, 'Apellido1 Apellido2, NOMBRE84', 'profesor84', 'e10adc3949ba59abbe56e057f20f883e', NULL, 'normal'),
(85, 'Apellido1 Apellido2, NOMBRE85', 'profesor85', 'e10adc3949ba59abbe56e057f20f883e', NULL, 'normal'),
(86, 'Apellido1 Apellido2, NOMBRE86', 'profesor86', 'e10adc3949ba59abbe56e057f20f883e', NULL, 'normal'),
(87, 'Apellido1 Apellido2, NOMBRE87', 'profesor87', 'e10adc3949ba59abbe56e057f20f883e', NULL, 'normal'),
(88, 'Apellido1 Apellido2, NOMBRE88', 'profesor88', 'e10adc3949ba59abbe56e057f20f883e', NULL, 'normal'),
(89, 'Apellido1 Apellido2, NOMBRE89', 'profesor89', 'e10adc3949ba59abbe56e057f20f883e', NULL, 'normal'),
(90, 'Apellido1 Apellido2, NOMBRE90', 'profesor90', 'e10adc3949ba59abbe56e057f20f883e', NULL, 'normal'),
(91, 'Apellido1 Apellido2, NOMBRE91', 'profesor91', 'e10adc3949ba59abbe56e057f20f883e', NULL, 'normal'),
(92, 'Apellido1 Apellido2, NOMBRE92', 'profesor92', 'e10adc3949ba59abbe56e057f20f883e', NULL, 'normal'),
(93, 'Apellido1 Apellido2, NOMBRE93', 'profesor93', 'e10adc3949ba59abbe56e057f20f883e', NULL, 'normal'),
(94, 'Apellido1 Apellido2, NOMBRE94', 'profesor94', 'e10adc3949ba59abbe56e057f20f883e', NULL, 'normal'),
(95, 'Apellido1 Apellido2, NOMBRE95', 'profesor95', 'e10adc3949ba59abbe56e057f20f883e', NULL, 'normal'),
(96, 'Apellido1 Apellido2, NOMBRE96', 'profesor96', 'e10adc3949ba59abbe56e057f20f883e', NULL, 'normal'),
(97, 'Apellido1 Apellido2, NOMBRE97', 'profesor97', 'e10adc3949ba59abbe56e057f20f883e', NULL, 'normal'),
(98, 'Apellido1 Apellido2, NOMBRE98', 'profesor98', 'e10adc3949ba59abbe56e057f20f883e', NULL, 'normal'),
(99, 'Apellido1 Apellido2, NOMBRE99', 'profesor99', 'e10adc3949ba59abbe56e057f20f883e', NULL, 'normal'),
(100, 'Apellido1 Apellido2, NOMBRE100', 'profesor100', 'e10adc3949ba59abbe56e057f20f883e', NULL, 'normal'),
(101, 'Apellido1 Apellido2, NOMBRE101', 'profesor101', 'e10adc3949ba59abbe56e057f20f883e', NULL, 'normal'),
(102, 'Apellido1 Apellido2, NOMBRE102', 'profesor102', 'e10adc3949ba59abbe56e057f20f883e', NULL, 'normal'),
(103, 'Apellido1 Apellido2, NOMBRE103', 'profesor103', 'e10adc3949ba59abbe56e057f20f883e', NULL, 'normal'),
(104, 'Apellido1 Apellido2, NOMBRE104', 'profesor104', 'e10adc3949ba59abbe56e057f20f883e', NULL, 'normal'),
(105, 'Apellido1 Apellido2, NOMBRE105', 'profesor105', 'e10adc3949ba59abbe56e057f20f883e', NULL, 'normal'),
(106, 'Apellido1 Apellido2, NOMBRE106', 'profesor106', 'e10adc3949ba59abbe56e057f20f883e', NULL, 'normal'),
(107, 'Apellido1 Apellido2, NOMBRE107', 'profesor107', 'e10adc3949ba59abbe56e057f20f883e', NULL, 'normal'),
(108, 'Apellido1 Apellido2, NOMBRE108', 'profesor108', 'e10adc3949ba59abbe56e057f20f883e', NULL, 'normal'),
(109, 'Apellido1 Apellido2, NOMBRE109', 'profesor109', 'e10adc3949ba59abbe56e057f20f883e', NULL, 'normal'),
(110, 'Apellido1 Apellido2, NOMBRE110', 'profesor110', 'e10adc3949ba59abbe56e057f20f883e', NULL, 'normal'),
(111, 'Apellido1 Apellido2, NOMBRE111', 'profesor111', 'e10adc3949ba59abbe56e057f20f883e', NULL, 'normal'),
(112, 'Apellido1 Apellido2, NOMBRE112', 'profesor112', 'e10adc3949ba59abbe56e057f20f883e', NULL, 'normal'),
(113, 'Apellido1 Apellido2, NOMBRE113', 'profesor113', 'e10adc3949ba59abbe56e057f20f883e', NULL, 'normal'),
(114, 'Apellido1 Apellido2, NOMBRE114', 'profesor114', 'e10adc3949ba59abbe56e057f20f883e', NULL, 'normal'),
(115, 'Apellido1 Apellido2, NOMBRE115', 'profesor115', 'e10adc3949ba59abbe56e057f20f883e', NULL, 'normal'),
(116, 'Apellido1 Apellido2, NOMBRE116', 'profesor116', 'e10adc3949ba59abbe56e057f20f883e', NULL, 'normal'),
(117, 'Apellido1 Apellido2, NOMBRE117', 'profesor117', 'e10adc3949ba59abbe56e057f20f883e', NULL, 'normal'),
(118, 'Apellido1 Apellido2, NOMBRE118', 'profesor118', 'e10adc3949ba59abbe56e057f20f883e', NULL, 'normal'),
(119, 'Apellido1 Apellido2, NOMBRE119', 'profesor119', 'e10adc3949ba59abbe56e057f20f883e', NULL, 'normal'),
(120, 'Apellido1 Apellido2, NOMBRE120', 'profesor120', 'e10adc3949ba59abbe56e057f20f883e', NULL, 'normal'),
(121, 'Apellido1 Apellido2, NOMBRE121', 'profesor121', 'e10adc3949ba59abbe56e057f20f883e', NULL, 'normal'),
(122, 'Apellido1 Apellido2, NOMBRE122', 'profesor122', 'e10adc3949ba59abbe56e057f20f883e', NULL, 'normal'),
(123, 'Apellido1 Apellido2, NOMBRE123', 'profesor123', 'e10adc3949ba59abbe56e057f20f883e', NULL, 'normal'),
(124, 'Apellido1 Apellido2, NOMBRE124', 'profesor124', 'e10adc3949ba59abbe56e057f20f883e', NULL, 'normal'),
(125, 'Administrador', 'admin', 'e10adc3949ba59abbe56e057f20f883e', NULL, 'admin');

--
-- Índices para tablas volcadas
--

--
-- Indices de la tabla `grupos`
--
ALTER TABLE `grupos`
  ADD PRIMARY KEY (`id_grupo`);

--
-- Indices de la tabla `horario_lectivo`
--
ALTER TABLE `horario_lectivo`
  ADD PRIMARY KEY (`id_horario`),
  ADD KEY `usuario` (`usuario`),
  ADD KEY `grupo` (`grupo`);

--
-- Indices de la tabla `usuarios`
--
ALTER TABLE `usuarios`
  ADD PRIMARY KEY (`id_usuario`);

--
-- AUTO_INCREMENT de las tablas volcadas
--

--
-- AUTO_INCREMENT de la tabla `grupos`
--
ALTER TABLE `grupos`
  MODIFY `id_grupo` int(11) NOT NULL AUTO_INCREMENT, AUTO_INCREMENT=184;

--
-- AUTO_INCREMENT de la tabla `horario_lectivo`
--
ALTER TABLE `horario_lectivo`
  MODIFY `id_horario` int(11) NOT NULL AUTO_INCREMENT, AUTO_INCREMENT=2517;

--
-- AUTO_INCREMENT de la tabla `usuarios`
--
ALTER TABLE `usuarios`
  MODIFY `id_usuario` int(11) NOT NULL AUTO_INCREMENT, AUTO_INCREMENT=126;

--
-- Restricciones para tablas volcadas
--

--
-- Filtros para la tabla `horario_lectivo`
--
ALTER TABLE `horario_lectivo`
  ADD CONSTRAINT `horario_lectivo_ibfk_1` FOREIGN KEY (`usuario`) REFERENCES `usuarios` (`id_usuario`) ON DELETE NO ACTION ON UPDATE CASCADE,
  ADD CONSTRAINT `horario_lectivo_ibfk_2` FOREIGN KEY (`grupo`) REFERENCES `grupos` (`id_grupo`) ON DELETE NO ACTION ON UPDATE CASCADE;
COMMIT;

/*!40101 SET CHARACTER_SET_CLIENT=@OLD_CHARACTER_SET_CLIENT */;
/*!40101 SET CHARACTER_SET_RESULTS=@OLD_CHARACTER_SET_RESULTS */;
/*!40101 SET COLLATION_CONNECTION=@OLD_COLLATION_CONNECTION */;
